"household_id","age","PNUM","sex","pemploy","pstudent","ptype","age_16_to_19","age_16_p","adult","male","female","has_non_worker","has_retiree","has_preschool_kid","has_driving_kid","has_school_kid","has_full_time","has_part_time","has_university","student_is_employed","nonstudent_to_school","is_student","is_gradeschool","is_highschool","is_university","school_segment","is_worker","value_of_time","school_location_logsum","distance_to_school","roundtrip_auto_time_to_school","workplace_location_logsum","distance_to_work","workplace_in_cbd","work_zone_area_type","roundtrip_auto_time_to_work","work_auto_savings","work_auto_savings_ratio","free_parking_at_work","cdap_activity","travel_active","under16_not_at_school","has_preschool_kid_at_home","has_school_kid_at_home","mandatory_tour_frequency","work_and_school_and_worker","work_and_school_and_student","num_mand","num_work_tours","num_joint_tours","non_mandatory_tour_frequency","num_non_mand","num_escort_tours","num_eatout_tours","num_shop_tours","num_maint_tours","num_discr_tours","num_social_tours","num_non_escort_tours","person_id","home_zone_id","school_zone_id","workplace_zone_id"
3013,70,1,1,2,3,2,false,true,true,true,false,true,false,false,false,false,false,false,false,false,false,false,false,false,false,0,true,9.11845586521922,,,0,16.46161407304774,13.1393,false,3,46.4325,952.5675,1,false,"M",true,false,false,false,"work1",false,false,1,1,0,0,0,0,0,0,0,0,0,0,9886,86,-1,62
3013,25,2,2,3,3,4,false,true,true,false,true,true,false,false,false,false,false,true,false,false,false,false,false,false,false,0,false,9.11845586521922,,,0,,,false,,0,0,0,false,"H",false,false,false,false,"",false,false,0,0,0,0,0,0,0,0,0,0,0,0,9887,86,-1,-1
3013,63,3,2,3,3,4,false,true,true,false,true,true,false,false,false,false,false,true,false,false,false,false,false,false,false,0,false,9.11845586521922,,,0,,,false,,0,0,0,false,"N",true,false,false,false,"",false,false,0,0,0,2,1,0,0,0,0,0,1,1,9888,86,-1,-1
4803,56,1,1,3,3,4,false,true,true,true,false,true,false,false,false,false,false,false,false,false,false,false,false,false,false,0,false,2.519906058869698,,,0,,,false,,0,0,0,false,"N",true,false,false,false,"",false,false,0,0,0,4,1,0,1,0,0,0,0,1,15506,116,-1,-1
4803,52,2,2,3,3,4,false,true,true,false,true,true,false,false,false,false,false,false,false,false,false,false,false,false,false,0,false,2.519906058869698,,,0,,,false,,0,0,0,false,"N",true,false,false,false,"",false,false,0,0,0,18,2,0,0,1,0,0,1,2,15507,116,-1,-1
4803,34,3,1,3,3,4,false,true,true,true,false,true,false,false,false,false,false,false,false,false,false,false,false,false,false,0,false,2.519906058869698,,,0,,,false,,0,0,0,false,"N",true,false,false,false,"",false,false,0,0,0,16,1,0,0,1,0,0,0,1,15508,116,-1,-1
4803,22,4,2,3,3,4,false,true,true,false,true,true,false,false,false,false,false,false,false,false,false,false,false,false,false,0,false,2.519906058869698,,,0,,,false,,0,0,0,false,"H",false,false,false,false,"",false,false,0,0,0,0,0,0,0,0,0,0,0,0,15509,116,-1,-1
4803,48,5,1,3,3,4,false,true,true,true,false,true,false,false,false,false,false,false,false,false,false,false,false,false,false,0,false,2.519906058869698,,,0,,,false,,0,0,0,false,"N",true,false,false,false,"",false,false,0,0,0,32,1,1,0,0,0,0,0,0,15510,116,-1,-1
5547,65,1,1,2,3,2,false,true,true,true,false,false,false,false,false,false,true,false,false,false,false,false,false,false,false,0,true,14.913231128581813,,,0,15.350167294276588,17.7099,false,3,71.630005,927.37,1,true,"M",true,false,false,false,"work1",false,false,1,1,0,0,0,0,0,0,0,0,0,0,17675,7,-1,37
5547,58,2,2,1,3,1,false,true,true,false,true,false,false,false,false,false,true,true,false,false,false,false,false,false,false,0,true,14.913231128581813,,,0,15.351811618692196,8.4453,false,3,36.0075,962.9925,1,true,"M",true,false,false,false,"work1",false,false,1,1,0,0,0,0,0,0,0,0,0,0,17676,7,-1,112
5547,46,3,1,1,3,1,false,true,true,true,false,false,false,false,false,false,true,true,false,false,false,false,false,false,false,0,true,14.913231128581813,,,0,15.352408030773804,16.0784,false,3,73.5125,925.4875,1,true,"M",true,false,false,false,"work1",false,false,1,1,0,32,1,1,0,0,0,0,0,0,17677,7,-1,68
5547,34,4,2,1,3,1,false,true,true,false,true,false,false,false,false,false,true,true,false,false,false,false,false,false,false,0,true,14.913231128581813,,,0,15.35214114714375,8.8905,false,2,37.3425,961.6575,1,true,"M",true,false,false,false,"work1",false,false,1,1,0,0,0,0,0,0,0,0,0,0,17678,7,-1,145
8979,40,1,1,1,3,1,false,true,true,true,false,false,false,false,false,false,true,false,true,false,false,false,false,false,false,0,true,2.39299502790233,,,0,12.768889095140892,37.0938,false,2,117.755005,881.245,1,false,"M",true,false,false,false,"work2",false,false,2,2,0,0,0,0,0,0,0,0,0,0,26414,34,-1,92
8979,40,2,2,1,3,1,false,true,true,false,true,false,false,false,false,false,true,false,true,false,false,false,false,false,false,0,true,2.39299502790233,,,0,12.751905417617264,31.7726,false,3,101.72,897.28,1,false,"M",true,false,false,false,"work1",false,false,1,1,0,0,0,0,0,0,0,0,0,0,26415,34,-1,22
8979,20,3,2,3,2,3,false,true,true,false,true,false,false,false,false,false,true,false,false,false,false,true,false,false,true,3,false,2.39299502790233,7.12278320189721,0.5,6,,,false,,0,0,0,false,"M",true,false,false,false,"school1",false,false,1,0,0,0,0,0,0,0,0,0,0,0,26416,34,34,-1
11809,35,1,2,3,3,4,false,true,true,false,true,false,false,false,false,false,false,false,false,false,false,false,false,false,false,0,false,5.701823614371338,,,0,,,false,,0,0,0,false,"H",false,false,false,false,"",false,false,0,0,0,0,0,0,0,0,0,0,0,0,35949,168,-1,-1
13594,50,1,1,3,3,4,false,true,true,true,false,true,false,false,false,false,false,false,false,false,false,false,false,false,false,0,false,3.907919547525332,,,0,,,false,,0,0,0,false,"N",true,false,false,false,"",false,false,0,0,1,1,1,0,0,1,0,1,0,1,41281,145,-1,-1
13594,48,2,2,3,3,4,false,true,true,false,true,true,false,false,false,false,false,false,false,false,false,false,false,false,false,0,false,3.907919547525332,,,0,,,false,,0,0,0,false,"N",true,false,false,false,"",false,false,0,0,1,0,0,0,0,0,0,0,0,0,41282,145,-1,-1
13594,15,3,1,4,3,4,false,false,false,true,false,true,false,false,false,false,false,false,false,false,false,false,false,false,false,0,false,2.6065823381993964,,,0,,,false,,0,0,0,false,"N",true,false,false,false,"",false,false,0,0,1,0,0,0,0,0,0,0,0,0,41283,145,-1,-1
14296,30,1,1,3,3,4,false,true,true,true,false,true,false,false,false,false,false,false,false,false,false,false,false,false,false,0,false,7.493029186388259,,,0,,,false,,0,0,0,false,"N",true,false,false,false,"",false,false,0,0,1,16,1,0,0,1,1,0,0,1,42190,128,-1,-1
14296,28,2,2,3,3,4,false,true,true,false,true,true,false,false,false,false,false,false,false,false,false,false,false,false,false,0,false,7.493029186388259,,,0,,,false,,0,0,0,false,"N",true,false,false,false,"",false,false,0,0,1,0,0,0,0,0,0,0,0,0,42191,128,-1,-1
15483,70,1,2,1,3,1,false,true,true,false,true,false,false,false,false,false,true,false,false,false,false,false,false,false,false,0,true,1.7029737893217949,,,0,16.509242880079718,7.2587,false,2,30.14,968.86,1,false,"M",true,false,false,false,"work1",false,false,1,1,0,8,1,0,0,0,1,0,0,1,44898,114,-1,52
15483,37,2,1,1,3,1,false,true,true,true,false,false,false,false,false,false,true,false,false,false,false,false,false,false,false,0,true,1.7029737893217949,,,0,16.50931314685547,3.4556,false,2,17.287498,981.7125,1,true,"M",true,false,false,false,"work1",false,false,1,1,0,0,0,0,0,0,0,0,0,0,44899,114,-1,51
17367,40,1,1,1,3,1,false,true,true,true,false,true,false,true,false,true,false,false,false,false,false,false,false,false,false,0,true,2.812681641938496,,,0,14.100126543915387,19.0921,false,2,69.4825,929.5175,1,false,"M",true,false,false,false,"work1",false,false,1,1,0,0,0,0,0,0,0,0,0,0,50026,22,-1,16
17367,27,2,2,3,3,4,false,true,true,false,true,false,false,true,false,true,true,false,false,false,false,false,false,false,false,0,false,2.812681641938496,,,0,,,false,,0,0,0,false,"N",true,false,false,false,"",false,false,0,0,0,64,2,2,0,0,0,0,0,0,50027,22,-1,-1
17367,6,3,1,4,1,7,false,false,false,true,false,true,false,true,false,false,true,false,false,false,false,true,true,false,false,1,false,1.876058655172977,12.783130845055291,7.6546,44.705,,,false,,0,0,0,false,"M",true,false,false,false,"school1",false,false,1,0,0,0,0,0,0,0,0,0,0,0,50028,22,140,-1
17367,2,4,1,4,1,8,false,false,false,true,false,true,false,false,false,true,true,false,false,false,false,true,true,false,false,1,false,1.876058655172977,12.785351221097518,0.5,6,,,false,,0,0,0,false,"M",true,false,false,false,"school1",false,false,1,0,0,1,1,0,0,0,0,1,0,1,50029,22,22,-1
17826,65,1,2,3,3,5,false,true,true,false,true,true,false,true,true,true,false,true,false,false,false,false,false,false,false,0,false,9.897155275168165,,,0,,,false,,0,0,0,false,"H",false,false,false,false,"",false,false,0,0,0,0,0,0,0,0,0,0,0,0,51450,22,-1,-1
17826,54,2,2,3,3,4,false,true,true,false,true,false,true,true,true,true,false,true,false,false,false,false,false,false,false,0,false,9.897155275168165,,,0,,,false,,0,0,0,false,"H",false,false,false,false,"",false,false,0,0,0,0,0,0,0,0,0,0,0,0,51451,22,-1,-1
17826,42,3,1,2,3,2,false,true,true,true,false,true,true,true,true,true,false,true,false,false,false,false,false,false,false,0,true,9.897155275168165,,,0,14.104626843334374,27.8561,false,2,88.7425,910.2575,1,false,"M",true,false,false,false,"work1",false,false,1,1,0,0,0,0,0,0,0,0,0,0,51452,22,-1,45
17826,43,4,2,2,3,2,false,true,true,false,true,true,true,true,true,true,false,true,false,false,false,false,false,false,false,0,true,9.897155275168165,,,0,14.110061521809738,25.4048,false,3,87.03,911.97,1,false,"M",true,false,false,false,"work1",false,false,1,1,0,0,0,0,0,0,0,0,0,0,51453,22,-1,126
17826,16,5,2,3,1,6,true,true,false,false,true,true,true,true,false,true,false,true,false,false,false,true,false,true,false,2,false,6.601402568537167,12.824115116430193,11.5768,53.822502,,,false,,0,0,0,false,"M",true,false,false,false,"school1",false,false,1,0,0,1,1,0,0,0,0,1,0,1,51454,22,129,-1
17826,14,6,2,4,1,7,false,false,false,false,true,true,true,true,true,false,false,true,false,false,false,true,true,false,false,1,false,6.601402568537167,12.795720103725683,0.5,6,,,false,,0,0,0,false,"N",true,true,false,false,"",false,false,0,0,0,40,2,1,0,0,1,0,0,1,51455,22,22,-1
17826,5,7,2,4,1,8,false,false,false,false,true,true,true,false,true,true,false,true,false,false,false,true,true,false,false,1,false,6.601402568537167,12.801800493936913,0.5,6,,,false,,0,0,0,false,"N",true,true,false,false,"",false,false,0,0,0,1,1,0,0,0,0,1,0,1,51456,22,22,-1
30170,59,1,2,2,3,2,false,true,true,false,true,false,false,false,false,false,true,false,false,false,false,false,false,false,false,0,true,1.6226886541990786,,,0,16.460808172966658,5.1658,false,3,21.177502,977.8225,1,true,"N",true,false,false,false,"",false,false,0,0,0,9,2,0,0,0,1,1,0,2,79591,30,-1,29
30170,29,2,2,1,3,1,false,true,true,false,true,false,false,false,false,false,false,true,false,false,false,false,false,false,false,0,true,1.6226886541990786,,,0,16.460612318092316,7.0841,false,2,32.8175,966.1825,1,true,"M",true,false,false,false,"work1",false,false,1,1,0,0,0,0,0,0,0,0,0,0,79592,30,-1,71
31107,55,1,1,1,3,1,false,true,true,true,false,false,false,true,false,true,true,true,false,false,false,false,false,false,false,0,true,22.481648712048113,,,0,15.468898150600683,32.5985,false,4,102.97,896.03,1,true,"M",true,false,false,false,"work1",false,false,1,1,0,0,0,0,0,0,0,0,0,0,81697,30,-1,69
31107,52,2,2,2,3,2,false,true,true,false,true,false,false,true,false,true,true,false,false,false,false,false,false,false,false,0,true,22.481648712048113,,,0,15.470974210574184,5.1658,false,3,21.177502,977.8225,1,false,"M",true,false,false,false,"work1",false,false,1,1,0,16,1,0,0,1,0,0,0,1,81698,30,-1,29
31107,30,3,1,1,3,1,false,true,true,true,false,false,false,true,false,true,true,true,false,false,false,false,false,false,false,0,true,22.481648712048113,,,0,15.471733748970205,16.7474,false,3,54.322502,944.6775,1,false,"M",true,false,false,false,"work1",false,false,1,1,0,0,0,0,0,0,0,0,0,0,81699,30,-1,180
31107,26,4,2,1,3,1,false,true,true,false,true,false,false,true,false,true,true,true,false,false,false,false,false,false,false,0,true,22.481648712048113,,,0,15.470088772150588,14.8444,false,3,46.7275,952.2725,1,false,"H",false,false,false,false,"",false,false,0,0,0,0,0,0,0,0,0,0,0,0,81700,30,-1,1
31107,0,5,1,4,1,8,false,false,false,true,false,false,false,false,false,true,true,true,false,false,false,true,true,false,false,1,false,14.995259690936091,13.85505668560995,0.5,6,,,false,,0,0,0,false,"M",true,false,false,false,"school1",false,false,1,0,0,0,0,0,0,0,0,0,0,0,81701,30,30,-1
31107,7,6,2,4,1,7,false,false,false,false,true,false,false,true,false,true,true,true,false,false,false,true,true,false,false,1,false,14.995259690936091,13.85312036605102,2.9849,18.7075,,,false,,0,0,0,false,"M",true,false,false,false,"school1",false,false,1,0,0,0,0,0,0,0,0,0,0,0,81702,30,162,-1
31107,7,7,2,4,1,7,false,false,false,false,true,false,false,true,false,true,true,true,false,false,false,true,true,false,false,1,false,14.995259690936091,13.852134491704902,16.302,61.85,,,false,,0,0,0,false,"M",true,false,false,false,"school1",false,false,1,0,0,4,1,0,1,0,0,0,0,1,81703,30,82,-1
32001,32,1,1,1,3,1,false,true,true,true,false,true,false,true,false,true,false,false,false,false,false,false,false,false,false,0,true,7.469524726249396,,,0,16.559381093282,7.5036,false,2,30.9525,968.0475,1,true,"M",true,false,false,false,"work1",false,false,1,1,0,0,0,0,0,0,0,0,0,0,84470,18,-1,6
32001,31,2,2,3,3,4,false,true,true,false,true,false,false,true,false,true,true,false,false,false,false,false,false,false,false,0,false,7.469524726249396,,,0,,,false,,0,0,0,false,"N",true,false,false,false,"",false,false,0,0,0,72,4,2,0,0,2,0,0,2,84471,18,-1,-1
32001,6,3,2,4,1,7,false,false,false,false,true,true,false,true,false,false,true,false,false,false,false,true,true,false,false,1,false,4.982172992408347,22.275575965490763,3.0478,21.3475,,,false,,0,0,0,false,"N",true,true,false,false,"",false,false,0,0,0,1,1,0,0,0,0,1,0,1,84472,18,40,-1
32001,1,4,2,4,1,8,false,false,false,false,true,true,false,false,false,true,true,false,false,false,false,true,true,false,false,1,false,4.982172992408347,22.275575968157828,0.5,6,,,false,,0,0,0,false,"N",true,true,false,false,"",false,false,0,0,0,1,1,0,0,0,0,1,0,1,84473,18,18,-1
33924,55,1,1,2,3,2,false,true,true,true,false,true,false,false,false,true,false,true,false,false,false,false,false,false,false,0,true,20.972449334115,,,0,16.609833119081323,7.3104,false,3,34.15,964.85,1,false,"N",true,false,false,false,"",false,false,0,0,0,32,1,1,0,0,0,0,0,0,90310,57,-1,107
33924,39,2,2,2,3,2,false,true,true,false,true,true,false,false,false,true,false,true,false,false,false,false,false,false,false,0,true,20.972449334115,,,0,16.602356752278048,4.5859,false,2,22.8225,976.1775,1,false,"M",true,false,false,false,"work1",false,false,1,1,0,0,0,0,0,0,0,0,0,0,90311,57,-1,114
33924,17,3,2,3,3,4,true,true,false,false,true,false,false,false,false,true,false,true,false,false,false,false,false,false,false,0,false,13.988623705854707,,,0,,,false,,0,0,0,false,"N",true,false,false,false,"",false,false,0,0,0,2,1,0,0,0,0,0,1,1,90312,57,-1,-1
33924,6,4,1,4,1,7,false,false,false,true,false,true,false,false,false,false,false,true,false,false,false,true,true,false,false,1,false,13.988623705854707,22.28284491942184,30.0939,91.7775,,,false,,0,0,0,false,"N",true,true,false,false,"",false,false,0,0,0,32,1,1,0,0,0,0,0,0,90313,57,155,-1
35103,24,1,1,1,3,1,false,true,true,true,false,false,false,false,false,false,false,false,false,false,false,false,false,false,false,0,true,6.750431061250439,,,0,16.02755362204682,2.8723,false,3,20.869999,978.13,1,true,"M",true,false,false,false,"work1",false,false,1,1,0,0,0,0,0,0,0,0,0,0,92600,26,-1,176
35348,78,1,2,3,3,5,false,true,true,false,true,false,false,false,false,false,true,false,false,false,false,false,false,false,false,0,false,10.627774240210963,,,0,,,false,,0,0,0,false,"H",false,false,false,false,"",false,false,0,0,0,0,0,0,0,0,0,0,0,0,92910,170,-1,-1
35348,28,2,1,1,3,1,false,true,true,true,false,false,true,false,false,false,false,false,false,false,false,false,false,false,false,0,true,10.627774240210963,,,0,16.15898345442769,17.7886,false,2,47.08,951.92,1,true,"H",false,false,false,false,"",false,false,0,0,0,0,0,0,0,0,0,0,0,0,92911,170,-1,19
38054,40,1,1,1,3,1,false,true,true,true,false,false,false,false,false,false,true,false,false,false,false,false,false,false,false,0,true,16.430296620402764,,,0,14.250350021823051,16.0297,false,3,51.96,947.04,1,false,"M",true,false,false,false,"work1",false,false,1,1,0,1,1,0,0,0,0,1,0,1,99409,154,-1,140
38054,24,2,2,1,3,1,false,true,true,false,true,false,false,false,false,false,true,false,false,false,false,false,false,false,false,0,true,16.430296620402764,,,0,14.248319999765952,16.0297,false,3,51.96,947.04,1,false,"M",true,false,false,false,"work1",false,false,1,1,0,0,0,0,0,0,0,0,0,0,99410,154,-1,140
39109,43,1,2,1,3,1,false,true,true,false,true,false,false,false,false,false,true,false,false,false,false,false,false,false,false,0,true,16.230629006772745,,,0,13.942360446729385,11.5721,false,4,47.177498,951.8225,1,false,"M",true,false,false,false,"work1",false,false,1,1,0,0,0,0,0,0,0,0,0,0,101576,125,-1,11
39109,41,2,1,1,3,1,false,true,true,true,false,false,false,false,false,false,true,false,false,false,false,false,false,false,false,0,true,16.230629006772745,,,0,13.959594873871932,0.5,false,3,6,993,1,false,"H",false,false,false,false,"",false,false,0,0,0,0,0,0,0,0,0,0,0,0,101577,125,-1,125
39372,47,1,2,1,3,1,false,true,true,false,true,false,false,false,false,true,false,true,false,false,false,false,false,false,false,0,true,7.882611040744878,,,0,15.578303388634433,29.2387,false,2,85.57,913.43,1,false,"M",true,false,false,false,"work1",false,false,1,1,0,16,1,0,0,1,0,0,0,1,102171,125,-1,45
39372,56,2,1,2,3,2,false,true,true,true,false,false,false,false,false,true,true,false,false,false,false,false,false,false,false,0,true,7.882611040744878,,,0,15.592637764591482,0.5,false,3,6,993,1,true,"M",true,false,false,false,"work1",false,false,1,1,0,48,2,1,0,1,0,0,0,1,102172,125,-1,125
39372,9,3,2,4,1,7,false,false,false,false,true,false,false,false,false,false,true,true,false,false,false,true,true,false,false,1,false,5.257701564176834,22.203129209107782,0.5,6,,,false,,0,0,0,false,"M",true,false,false,false,"school1",false,false,1,0,0,32,1,1,0,0,0,0,0,0,102173,125,125,-1
40156,47,1,1,2,3,2,false,true,true,true,false,false,false,true,false,false,false,true,false,false,false,false,false,false,false,0,true,1.7680981841512418,,,0,13.908049587875603,35.1771,false,2,102.04,896.96,1,false,"M",true,false,true,false,"work1",false,false,1,1,0,0,0,0,0,0,0,0,0,0,104421,125,-1,102
40156,49,2,2,2,3,2,false,true,true,false,true,false,false,true,false,false,false,true,false,false,false,false,false,false,false,0,true,1.7680981841512418,,,0,13.88854226565671,29.269,false,3,99.7275,899.2725,1,true,"M",true,false,true,false,"work1",false,false,1,1,0,16,1,0,0,1,0,0,0,1,104422,125,-1,141
40156,5,3,1,4,1,8,false,false,false,true,false,false,false,false,false,false,false,true,false,false,false,true,true,false,false,1,false,1.1793214888288783,12.745654379680404,0.5,6,,,false,,0,0,0,false,"H",false,true,false,false,"",false,false,0,0,0,0,0,0,0,0,0,0,0,0,104423,125,125,-1
43148,39,1,1,1,3,1,false,true,true,true,false,false,false,false,false,true,true,false,false,false,false,false,false,false,false,0,true,9.063145231632156,,,0,13.459768490562231,30.1007,false,3,107.2175,891.7825,1,true,"M",true,false,false,false,"work1",false,false,1,1,0,0,0,0,0,0,0,0,0,0,114238,109,-1,22
43148,35,2,2,1,3,1,false,true,true,false,true,false,false,false,false,true,true,false,false,false,false,false,false,false,false,0,true,9.063145231632156,,,0,13.494886412668436,0.5,false,3,6,993,1,false,"M",true,false,false,false,"work1",false,false,1,1,0,0,0,0,0,0,0,0,0,0,114239,109,-1,109
43148,14,3,2,4,1,7,false,false,false,false,true,false,false,false,false,true,true,false,false,false,false,true,true,false,false,1,false,6.0451178694986485,12.404228601147928,0.5,6,,,false,,0,0,0,false,"M",true,false,false,false,"school1",false,false,1,0,0,0,0,0,0,0,0,0,0,0,114240,109,109,-1
43148,6,4,2,4,1,7,false,false,false,false,true,false,false,false,false,true,true,false,false,false,false,true,true,false,false,1,false,6.0451178694986485,12.404139921464745,0.5,6,,,false,,0,0,0,false,"M",true,false,false,false,"school1",false,false,1,0,0,16,1,0,0,1,0,0,0,1,114241,109,109,-1
45653,60,1,2,3,3,4,false,true,true,false,true,true,false,false,false,false,true,false,false,false,false,false,false,false,false,0,false,4.609778780115529,,,0,,,false,,0,0,0,false,"N",true,false,false,false,"",false,false,0,0,0,1,1,0,0,0,0,1,0,1,120051,109,-1,-1
45653,32,2,1,1,3,1,false,true,true,true,false,true,false,false,false,false,false,false,false,false,false,false,false,false,false,0,true,4.609778780115529,,,0,13.470391520523682,39.8594,false,3,111.61,887.39,1,true,"M",true,false,false,false,"work1",false,false,1,1,0,8,1,0,0,0,1,0,0,1,120052,109,-1,14
45653,41,3,1,3,3,4,false,true,true,true,false,true,false,false,false,false,true,false,false,false,false,false,false,false,false,0,false,4.609778780115529,,,0,,,false,,0,0,0,false,"N",true,false,false,false,"",false,false,0,0,0,16,1,0,0,1,0,0,0,1,120053,109,-1,-1
45976,40,1,1,1,3,1,false,true,true,true,false,false,false,false,false,false,false,false,false,false,false,false,false,false,false,0,true,20.747647321798496,,,0,13.165811071594588,33.6472,false,3,102.3825,896.6175,1,false,"M",true,false,false,false,"work1",false,false,1,1,0,0,0,0,0,0,0,0,0,0,120864,20,-1,162
46746,35,1,1,1,3,1,false,true,true,true,false,true,true,true,false,true,false,false,false,false,false,false,false,false,false,0,true,6.776448780711166,,,0,13.474442440122356,41.1439,false,2,118.06,880.94,1,true,"M",true,false,false,false,"work1",false,false,1,1,0,0,0,0,0,0,0,0,0,0,122808,121,-1,72
46746,35,2,2,3,3,4,false,true,true,false,true,false,true,true,false,true,true,false,false,false,false,false,false,false,false,0,false,6.776448780711166,,,0,,,false,,0,0,0,false,"N",true,false,false,false,"",false,false,0,0,0,81,4,2,0,1,0,1,0,2,122809,121,-1,-1
46746,11,3,1,4,1,7,false,false,false,true,false,true,true,true,false,false,true,false,false,false,false,true,true,false,false,1,false,4.519891336734348,11.483925350804565,0.5,6,,,false,,0,0,0,false,"M",true,false,false,false,"school1",false,false,1,0,0,0,0,0,0,0,0,0,0,0,122810,121,121,-1
46746,5,4,2,4,1,8,false,false,false,false,true,true,true,false,false,true,true,false,false,false,false,true,true,false,false,1,false,4.519891336734348,11.505402013658188,26.7588,97.005005,,,false,,0,0,0,false,"M",true,false,false,false,"school1",false,false,1,0,0,0,0,0,0,0,0,0,0,0,122811,121,26,-1
46746,73,5,1,3,3,5,false,true,true,true,false,true,false,true,false,true,true,false,false,false,false,false,false,false,false,0,false,6.776448780711166,,,0,,,false,,0,0,0,false,"H",false,false,false,false,"",false,false,0,0,0,0,0,0,0,0,0,0,0,0,122812,121,-1,-1
49407,40,1,1,2,3,2,false,true,true,true,false,true,true,false,false,true,true,true,true,false,false,false,false,false,false,0,true,13.724555071349167,,,0,15.230408872439863,0.5,false,3,6,993,1,false,"M",true,false,false,false,"work1",false,false,1,1,0,0,0,0,0,0,0,0,0,0,130013,158,-1,158
49407,38,2,2,1,3,1,false,true,true,false,true,true,true,false,false,true,true,true,true,false,false,false,false,false,false,0,true,13.724555071349167,,,0,15.228789183524398,15.6417,false,3,54.5775,944.4225,1,false,"M",true,false,false,false,"work1",false,false,1,1,0,0,0,0,0,0,0,0,0,0,130014,158,-1,39
49407,10,3,2,4,1,7,false,false,false,false,true,true,true,false,false,true,true,true,true,false,false,true,true,false,false,1,false,9.154278232589895,13.772328344154069,2.6345,13.2375,,,false,,0,0,0,false,"M",true,false,false,false,"school1",false,false,1,0,0,1,1,0,0,0,0,1,0,1,130015,158,14,-1
49407,45,4,1,2,3,2,false,true,true,true,false,true,true,false,false,true,true,true,true,false,false,false,false,false,false,0,true,13.724555071349167,,,0,15.233154136371205,8.4526,false,2,29.185,969.815,1,false,"M",true,false,false,false,"work1",false,false,1,1,0,16,1,0,0,1,0,0,0,1,130016,158,-1,18
49407,44,5,2,3,3,4,false,true,true,false,true,true,true,false,false,true,true,true,true,false,false,false,false,false,false,0,false,13.724555071349167,,,0,,,false,,0,0,0,false,"N",true,false,false,false,"",false,false,0,0,0,81,4,2,0,1,0,1,0,2,130017,158,-1,-1
49407,22,6,1,3,2,3,false,true,true,true,false,true,true,false,false,true,true,true,true,false,false,true,false,false,true,3,false,13.724555071349167,11.02456653145057,0.5,6,,,false,,0,0,0,false,"M",true,false,false,false,"school1",false,false,1,0,0,0,0,0,0,0,0,0,0,0,130018,158,158,-1
49407,20,7,1,3,2,3,false,true,true,true,false,true,true,false,false,true,true,true,true,false,false,true,false,false,true,3,false,13.724555071349167,11.020753611472484,0.5,6,,,false,,0,0,0,false,"M",true,false,false,false,"school1",false,false,1,0,0,0,0,0,0,0,0,0,0,0,130019,158,158,-1
49407,14,8,1,4,1,7,false,false,false,true,false,true,true,false,false,true,true,true,true,false,false,true,true,false,false,1,false,9.154278232589895,13.771064390220493,6.6126,24.8825,,,false,,0,0,0,false,"M",true,false,false,false,"school1",false,false,1,0,0,0,0,0,0,0,0,0,0,0,130020,158,80,-1
49407,74,9,1,3,3,5,false,true,true,true,false,true,false,false,false,true,true,true,true,false,false,false,false,false,false,0,false,13.724555071349167,,,0,,,false,,0,0,0,false,"H",false,false,false,false,"",false,false,0,0,0,0,0,0,0,0,0,0,0,0,130021,158,-1,-1
49407,6,10,2,4,3,4,false,false,false,false,true,true,true,false,false,true,true,true,true,false,false,false,false,false,false,0,false,9.154278232589895,,,0,,,false,,0,0,0,false,"H",false,false,false,false,"",false,false,0,0,0,0,0,0,0,0,0,0,0,0,130022,158,-1,-1
49407,38,11,1,1,3,1,false,true,true,true,false,true,true,false,false,true,true,true,true,false,false,false,false,false,false,0,true,13.724555071349167,,,0,15.23102381167434,11.1746,false,3,38.012497,960.9875,1,false,"M",true,false,false,false,"work1",false,false,1,1,0,0,0,0,0,0,0,0,0,0,130023,158,-1,106
50052,55,1,1,1,3,1,false,true,true,true,false,true,false,false,false,false,true,false,false,false,false,false,false,false,false,0,true,9.197100182423045,,,0,16.367158131229548,22.9165,false,3,87.5475,911.4525,1,false,"M",true,false,false,false,"work1",false,false,1,1,1,0,0,0,1,0,0,0,0,0,131829,62,-1,77
50052,50,2,2,3,3,4,false,true,true,false,true,false,false,false,false,false,true,false,false,false,false,false,false,false,false,0,false,9.197100182423045,,,0,,,false,,0,0,0,false,"N",true,false,false,false,"",false,false,0,0,0,16,1,0,0,1,0,0,0,1,131830,62,-1,-1
50052,30,3,1,1,3,1,false,true,true,true,false,true,false,false,false,false,true,false,false,false,false,false,false,false,false,0,true,9.197100182423045,,,0,16.375322603777207,28.2427,false,3,81.2725,917.7275,1,true,"M",true,false,false,false,"work1",false,false,1,1,1,0,0,0,0,0,0,0,0,0,131831,62,-1,48
50166,56,1,1,2,3,2,false,true,true,true,false,false,false,false,false,false,true,false,false,false,false,false,false,false,false,0,true,14.731202415359354,,,0,15.371022027047355,3.6273,false,3,18.325,980.675,1,true,"M",true,false,false,false,"work1",false,false,1,1,0,0,0,0,0,0,0,0,0,0,132192,62,-1,158
50166,56,2,2,1,3,1,false,true,true,false,true,false,false,false,false,false,true,true,false,false,false,false,false,false,false,0,true,14.731202415359354,,,0,15.366767552002624,0.5,false,3,6,993,1,false,"H",false,false,false,false,"",false,false,0,0,0,0,0,0,0,0,0,0,0,0,132193,62,-1,62
50166,26,3,2,1,3,1,false,true,true,false,true,false,false,false,false,false,true,true,false,false,false,false,false,false,false,0,true,14.731202415359354,,,0,15.36710363278701,8.7032,false,2,32.7725,966.2275,1,false,"M",true,false,false,false,"work1",false,false,1,1,0,0,0,0,0,0,0,0,0,0,132194,62,-1,18
52289,68,1,2,3,3,5,false,true,true,false,true,false,false,false,false,false,false,false,false,false,false,false,false,false,false,0,false,23.928316762296948,,,0,,,false,,0,0,0,false,"N",true,false,false,false,"",false,false,0,0,0,1,1,0,0,0,0,1,0,1,137572,152,-1,-1
54153,120,1,1,3,3,5,false,true,true,true,false,false,true,true,false,false,false,false,false,false,false,false,false,false,false,0,false,7.288855182305543,,,0,,,false,,0,0,0,false,"N",true,false,false,false,"",false,false,0,0,0,16,1,0,0,1,0,0,0,1,141590,152,-1,-1
54153,120,2,2,3,3,5,false,true,true,false,true,false,true,true,false,false,false,false,false,false,false,false,false,false,false,0,false,7.288855182305543,,,0,,,false,,0,0,0,false,"N",true,false,false,false,"",false,false,0,0,0,9,2,0,0,0,1,1,0,2,141591,152,-1,-1
54153,0,3,2,4,1,8,false,false,false,false,true,false,true,false,false,false,false,false,false,false,false,true,true,false,false,1,false,4.861666406597798,22.01924086802385,10.3094,37.4875,,,false,,0,0,0,false,"M",true,false,false,false,"school1",false,false,1,0,0,2,1,0,0,0,0,0,1,1,141592,152,166,-1
54544,39,1,1,1,3,1,false,true,true,true,false,false,false,false,false,false,false,true,false,false,false,false,false,false,false,0,true,4.7885312420963215,,,0,16.3136938589287,12.3347,false,2,45.940002,953.06,1,false,"M",true,false,false,false,"work1",false,false,1,1,0,0,0,0,0,0,0,0,0,0,142682,152,-1,16
54544,39,2,2,2,3,2,false,true,true,false,true,false,false,false,false,false,true,false,false,false,false,false,false,false,false,0,true,4.7885312420963215,,,0,16.310917041788855,6.686,false,2,30.74,968.26,1,false,"M",true,false,false,false,"work1",false,false,1,1,0,0,0,0,0,0,0,0,0,0,142683,152,-1,19
54803,54,1,2,3,3,4,false,true,true,false,true,false,false,true,false,false,true,false,false,false,false,false,false,false,false,0,false,10.307738957757314,,,0,,,false,,0,0,0,false,"H",false,false,false,false,"",false,false,0,0,0,0,0,0,0,0,0,0,0,0,143323,52,-1,-1
54803,26,2,2,1,3,1,false,true,true,false,true,true,false,true,false,false,false,false,false,false,false,false,false,false,false,0,true,10.307738957757314,,,0,16.401087916471784,2.1407,false,2,16.884998,982.115,1,true,"M",true,false,false,false,"work1",false,false,1,1,0,0,0,0,0,0,0,0,0,0,143324,52,-1,54
54803,1,3,1,4,1,8,false,false,false,true,false,true,false,false,false,false,true,false,false,false,false,true,true,false,false,1,false,6.875261884824129,22.036584116378542,4.5511,21.795,,,false,,0,0,0,false,"M",true,false,false,false,"school1",false,false,1,0,0,0,0,0,0,0,0,0,0,0,143325,52,102,-1
55108,44,1,1,2,3,2,false,true,true,true,false,false,false,false,false,false,false,true,false,false,false,false,false,false,false,0,true,2.3885458697718045,,,0,16.472028351851822,6.7277,false,2,31.310001,967.69,1,false,"M",true,false,false,false,"work1",false,false,1,1,0,0,0,0,0,0,0,0,0,0,144339,94,-1,128
55108,36,2,2,2,3,2,false,true,true,false,true,false,false,false,false,false,false,true,false,false,false,false,false,false,false,0,true,2.3885458697718045,,,0,16.472161432571163,5.797,false,2,28.485,970.515,1,false,"M",true,false,false,false,"work1",false,false,1,1,0,0,0,0,0,0,0,0,0,0,144340,94,-1,103
57231,50,1,2,2,3,2,false,true,true,false,true,false,true,false,false,false,false,true,false,false,false,false,false,false,false,0,true,4.682164635514298,,,0,16.43694394107508,9.63,false,2,45.0825,953.9175,1,false,"M",true,false,false,false,"work1",false,false,1,1,0,0,0,0,0,0,0,0,0,0,151258,72,-1,149
57231,49,2,2,2,3,2,false,true,true,false,true,false,true,false,false,false,false,true,false,false,false,false,false,false,false,0,true,4.682164635514298,,,0,16.434220402613576,4.4588,false,2,24.8925,974.1075,1,false,"M",true,false,false,false,"work1",false,false,1,1,0,0,0,0,0,0,0,0,0,0,151259,72,-1,6
57231,72,3,2,3,3,5,false,true,true,false,true,false,false,false,false,false,false,true,false,false,false,false,false,false,false,0,false,4.682164635514298,,,0,,,false,,0,0,0,false,"N",true,false,false,false,"",false,false,0,0,0,16,1,0,0,1,0,0,0,1,151260,72,-1,-1
57231,34,4,1,2,3,2,false,true,true,true,false,false,true,false,false,false,false,true,false,false,false,false,false,false,false,0,true,4.682164635514298,,,0,16.43431061702978,5.6963,false,2,29.032501,969.9675,1,false,"M",true,false,false,false,"work1",false,false,1,1,0,1,1,0,0,0,0,1,0,1,151261,72,-1,114
58876,67,1,1,1,3,1,false,true,true,true,false,false,false,false,false,false,true,true,false,false,false,false,false,false,false,0,true,14.578640527349187,,,0,15.392411935003484,2.3861,false,2,13.0625,985.9375,1,false,"M",true,false,false,false,"work1",false,false,1,1,0,0,0,0,0,0,0,0,0,0,155336,6,-1,119
58876,65,2,2,2,3,2,false,true,true,false,true,false,false,false,false,false,true,false,false,false,false,false,false,false,false,0,true,14.578640527349187,,,0,15.390474933777822,5.6672,false,2,25.185,973.815,1,false,"H",false,false,false,false,"",false,false,0,0,0,0,0,0,0,0,0,0,0,0,155337,6,-1,24
58876,22,3,2,1,3,1,false,true,true,false,true,false,false,false,false,false,true,true,false,false,false,false,false,false,false,0,true,14.578640527349187,,,0,15.393010165731138,9.3992,false,2,39.405,959.595,1,false,"M",true,false,false,false,"work1",false,false,1,1,0,0,0,0,0,0,0,0,0,0,155338,6,-1,145
58876,25,4,2,1,3,1,false,true,true,false,true,false,false,false,false,false,true,true,false,false,false,false,false,false,false,0,true,14.578640527349187,,,0,15.38863663207876,6.8756,false,2,29.619999,969.38,1,false,"M",true,false,false,false,"work1",false,false,1,1,0,0,0,0,0,0,0,0,0,0,155339,6,-1,51
62109,39,1,2,3,3,4,false,true,true,false,true,false,false,true,false,false,true,false,false,false,false,false,false,false,false,0,false,8.380967402627931,,,0,,,false,,0,0,0,false,"N",true,false,false,false,"",false,false,0,0,0,48,2,1,0,1,0,0,0,1,162845,147,-1,-1
62109,39,2,1,1,3,1,false,true,true,true,false,true,false,true,false,false,false,false,false,false,false,false,false,false,false,0,true,8.380967402627931,,,0,14.817226269155396,4.0385,false,2,14.555,984.445,1,false,"M",true,false,false,false,"work1",false,false,1,1,0,0,0,0,0,0,0,0,0,0,162846,147,-1,15
62109,0,3,2,4,1,8,false,false,false,false,true,true,false,false,false,false,true,false,false,false,false,true,true,false,false,1,false,5.59010525755283,12.60490847187817,10.0621,39.7675,,,false,,0,0,0,false,"M",true,false,false,false,"school1",false,false,1,0,0,0,0,0,0,0,0,0,0,0,162847,147,132,-1
64114,75,1,2,3,3,5,false,true,true,false,true,true,false,false,false,true,true,false,false,false,false,false,false,false,false,0,false,25.59237359566409,,,0,,,false,,0,0,0,false,"N",true,false,false,false,"",false,false,0,0,0,16,1,0,0,1,0,0,0,1,169591,165,-1,-1
64114,45,2,1,1,3,1,false,true,true,true,false,true,true,false,false,true,true,false,false,false,false,false,false,false,false,0,true,25.59237359566409,,,0,14.76683023731901,33.2312,false,3,124.49251,874.5075,1,false,"M",true,false,false,false,"work1",false,false,1,1,0,0,0,0,0,0,0,0,0,0,169592,165,-1,22
64114,44,3,2,3,3,4,false,true,true,false,true,true,true,false,false,true,true,false,false,false,false,false,false,false,false,0,false,25.59237359566409,,,0,,,false,,0,0,0,false,"H",false,false,false,false,"",false,false,0,0,0,0,0,0,0,0,0,0,0,0,169593,165,-1,-1
64114,38,4,2,1,3,1,false,true,true,false,true,true,true,false,false,true,true,false,false,false,false,false,false,false,false,0,true,25.59237359566409,,,0,14.764336908128746,18.7503,false,3,79.4425,919.5575,1,true,"M",true,false,false,false,"work1",false,false,1,1,0,0,0,0,0,0,0,0,0,0,169594,165,-1,162
64114,39,5,1,1,3,1,false,true,true,true,false,true,true,false,false,true,true,false,false,false,false,false,false,false,false,0,true,25.59237359566409,,,0,14.762977434860787,0.5,false,3,6,993,1,true,"M",true,false,false,false,"work2",false,false,2,2,0,0,0,0,0,0,0,0,0,0,169595,165,-1,165
64114,45,6,1,3,3,4,false,true,true,true,false,true,true,false,false,true,true,false,false,false,false,false,false,false,false,0,false,25.59237359566409,,,0,,,false,,0,0,0,false,"N",true,false,false,false,"",false,false,0,0,0,17,2,0,0,1,0,1,0,2,169596,165,-1,-1
64114,6,7,2,4,1,7,false,false,false,false,true,true,true,false,false,false,true,false,false,false,false,true,true,false,false,1,false,17.07011318830795,13.316858930797721,0.5,6,,,false,,0,0,0,false,"M",true,false,false,false,"school1",false,false,1,0,0,0,0,0,0,0,0,0,0,0,169597,165,165,-1
64207,31,1,1,2,3,2,false,true,true,true,false,false,false,true,false,false,false,true,false,false,false,false,false,false,false,0,true,29.492550751714543,,,0,14.426963320675089,26.1043,false,3,96.41499,902.585,1,false,"M",true,false,false,false,"work1",false,false,1,1,1,0,0,0,0,0,0,1,0,0,169917,115,-1,90
64207,33,2,2,2,3,2,false,true,true,false,true,false,false,true,false,false,false,true,false,false,false,false,false,false,false,0,true,29.492550751714543,,,0,14.434044382185274,10.3403,false,3,50.57,948.43,1,false,"M",true,false,false,false,"work1",false,false,1,1,1,32,1,1,0,0,0,0,0,0,169918,115,-1,7
64207,4,3,1,4,1,8,false,false,false,true,false,false,false,true,false,false,false,true,false,false,false,true,true,false,false,1,false,19.6715313513936,12.086934628927773,9.8232,45.8475,,,false,,0,0,0,false,"M",true,false,false,false,"school1",false,false,1,0,1,2,1,0,0,0,0,0,1,1,169919,115,43,-1
64207,1,4,2,4,1,8,false,false,false,false,true,false,false,true,false,false,false,true,false,false,false,true,true,false,false,1,false,19.6715313513936,12.085744565464003,23.0216,98.47749,,,false,,0,0,0,false,"M",true,false,false,false,"school1",false,false,1,0,1,0,0,0,0,0,0,0,0,0,169920,115,129,-1
64668,64,1,1,3,3,4,false,true,true,true,false,true,false,false,false,true,true,false,true,false,false,false,false,false,false,0,false,5.00595556422515,,,0,,,false,,0,0,0,false,"N",true,false,false,false,"",false,false,0,0,0,16,1,0,0,1,0,0,0,1,171650,59,-1,-1
64668,58,2,2,3,3,4,false,true,true,false,true,true,false,false,false,true,true,false,true,false,false,false,false,false,false,0,false,5.00595556422515,,,0,,,false,,0,0,0,false,"N",true,false,false,false,"",false,false,0,0,0,32,1,1,0,0,0,0,0,0,171651,59,-1,-1
64668,41,3,2,1,3,1,false,true,true,false,true,true,false,false,false,true,false,false,true,false,false,false,false,false,false,0,true,5.00595556422515,,,0,15.571185934031796,12.6347,false,2,55.31,943.69,1,false,"M",true,false,false,false,"work1",false,false,1,1,0,0,0,0,0,0,0,0,0,0,171652,59,-1,149
64668,19,4,2,3,2,3,true,true,true,false,true,true,false,false,false,true,true,false,false,false,false,true,false,false,true,3,false,5.00595556422515,9.999110119152721,0.5,6,,,false,,0,0,0,false,"N",true,false,false,false,"",false,false,0,0,0,2,1,0,0,0,0,0,1,1,171653,59,59,-1
64668,14,5,2,4,1,7,false,false,false,false,true,true,false,false,false,false,true,false,true,false,false,true,true,false,false,1,false,3.3389723613381754,21.148982745246595,6.4648,39.0175,,,false,,0,0,0,false,"M",true,false,false,false,"school2",false,false,2,0,0,0,0,0,0,0,0,0,0,0,171654,59,120,-1
66935,40,1,1,1,3,1,false,true,true,true,false,false,false,false,false,false,false,false,false,false,false,false,false,false,false,0,true,1.944596389782185,,,0,16.15516020286319,12.7048,false,3,48.620003,950.38,1,true,"M",true,false,false,false,"work1",false,false,1,1,0,0,0,0,0,0,0,0,0,0,178462,107,-1,14
73174,34,1,1,1,3,1,false,true,true,true,false,true,false,true,false,true,true,false,false,false,false,false,false,false,false,0,true,19.042625626363208,,,0,15.022719211709946,9.1224,false,2,31.412498,967.5875,1,false,"M",true,false,false,false,"work1",false,false,1,1,0,0,0,0,0,0,0,0,0,0,190458,135,-1,72
73174,37,2,2,3,3,4,false,true,true,false,true,false,false,true,false,true,true,false,false,false,false,false,false,false,false,0,false,19.042625626363208,,,0,,,false,,0,0,0,false,"N",true,false,false,false,"",false,false,0,0,0,64,2,2,0,0,0,0,0,0,190459,135,-1,-1
73174,10,3,1,4,1,7,false,false,false,true,false,true,false,true,false,false,true,false,false,false,false,true,true,false,false,1,false,12.70143129278426,13.411857775381621,0.5,6,,,false,,0,0,0,false,"M",true,false,false,false,"school1",false,false,1,0,0,0,0,0,0,0,0,0,0,0,190460,135,135,-1
73174,5,4,2,4,1,8,false,false,false,false,true,true,false,false,false,true,true,false,false,false,false,true,true,false,false,1,false,12.70143129278426,13.411348548623817,0.5,6,,,false,,0,0,0,false,"M",true,false,false,false,"school1",false,false,1,0,0,4,1,0,1,0,0,0,0,1,190461,135,135,-1
73174,21,5,1,1,3,1,false,true,true,true,false,true,false,true,false,true,true,false,false,false,false,false,false,false,false,0,true,19.042625626363208,,,0,15.020195489364541,13.9835,false,4,61.684998,937.315,1,false,"N",true,false,false,false,"",false,false,0,0,0,64,2,2,0,0,0,0,0,0,190462,135,-1,21
73174,16,6,1,1,3,1,true,true,false,true,false,true,false,true,false,true,true,false,false,false,false,false,false,false,false,0,true,12.70143129278426,,,0,15.018656155754606,18.7768,false,2,66.7625,932.2375,1,false,"M",true,false,false,false,"work1",false,false,1,1,0,0,0,0,0,0,0,0,0,0,190463,135,-1,89
73174,17,7,1,1,3,1,true,true,false,true,false,true,false,true,false,true,true,false,false,false,false,false,false,false,false,0,true,12.70143129278426,,,0,15.019696804737688,13.1367,false,2,60.0275,938.9725,1,true,"M",true,false,false,false,"work1",false,false,1,1,0,0,0,0,0,0,0,0,0,0,190464,135,-1,98
75390,73,1,1,3,3,5,false,true,true,true,false,true,false,false,false,true,true,false,false,false,false,false,false,false,false,0,false,50,,,0,,,false,,0,0,0,false,"N",true,false,false,false,"",false,false,0,0,0,50,3,1,0,1,0,0,1,2,197347,113,-1,-1
75390,39,2,1,1,3,1,false,true,true,true,false,true,true,false,false,true,true,false,false,false,false,false,false,false,false,0,true,50,,,0,16.044402644669464,16.3634,false,3,61.165,937.835,1,true,"M",true,false,false,false,"work1",false,false,1,1,0,0,0,0,0,0,0,0,0,0,197348,113,-1,62
75390,31,3,2,1,3,1,false,true,true,false,true,true,true,false,false,true,true,false,false,false,false,false,false,false,false,0,true,50,,,0,16.039634384985337,25.4051,false,3,92.8825,906.1175,1,false,"M",true,false,false,false,"work1",false,false,1,1,0,0,0,0,0,0,0,0,0,0,197349,113,-1,33
75390,14,4,1,4,1,7,false,false,false,true,false,true,true,false,false,false,true,false,false,false,false,true,true,false,false,1,false,33.35,21.70211004177803,3.258,20.415,,,false,,0,0,0,false,"M",true,false,false,false,"school1",false,false,1,0,0,1,2,0,0,0,0,2,0,2,197350,113,163,-1
75390,19,5,1,3,3,4,true,true,true,true,false,false,true,false,false,true,true,false,false,false,false,false,false,false,false,0,false,50,,,0,,,false,,0,0,0,false,"N",true,false,false,false,"",false,false,0,0,0,1,1,0,0,0,0,1,0,1,197351,113,-1,-1
76239,41,1,2,3,3,4,false,true,true,false,true,true,false,false,false,true,false,false,false,false,false,false,false,false,false,0,false,13.24829491463215,,,0,,,false,,0,0,0,false,"N",true,false,false,false,"",false,false,0,0,0,16,1,0,0,1,0,0,0,1,199598,163,-1,-1
76239,41,2,1,3,3,4,false,true,true,true,false,true,false,false,false,true,false,false,false,false,false,false,false,false,false,0,false,13.24829491463215,,,0,,,false,,0,0,0,false,"N",true,false,false,false,"",false,false,0,0,0,33,2,1,0,0,0,1,0,1,199599,163,-1,-1
76239,15,3,1,4,1,7,false,false,false,true,false,true,false,false,false,true,false,false,false,false,false,true,false,true,false,2,false,8.836612708059643,21.8251331061895,3.3035,25.6175,,,false,,0,0,0,false,"M",true,false,false,false,"school1",false,false,1,0,0,0,0,0,0,0,0,0,0,0,199600,163,17,-1
76239,14,4,2,4,1,7,false,false,false,false,true,true,false,false,false,true,false,false,false,false,false,true,true,false,false,1,false,8.836612708059643,21.665148879650964,14.1232,53.9825,,,false,,0,0,0,false,"M",true,false,false,false,"school1",false,false,1,0,0,0,0,0,0,0,0,0,0,0,199601,163,30,-1
89753,120,1,2,3,3,5,false,true,true,false,true,false,false,false,false,false,false,false,false,false,false,false,false,false,false,0,false,18.229762409282838,,,0,,,false,,0,0,0,false,"N",true,false,false,false,"",false,false,0,0,0,24,3,0,0,2,1,0,0,3,232356,19,-1,-1
92113,46,1,2,1,3,1,false,true,true,false,true,false,false,false,false,false,false,false,false,false,false,false,false,false,false,0,true,11.612357681549044,,,0,16.462332569944987,23.2481,false,3,83.4875,915.5125,1,true,"M",true,false,false,false,"work1",false,false,1,1,0,0,0,0,0,0,0,0,0,0,237763,19,-1,82
93764,44,1,1,1,3,1,false,true,true,true,false,true,false,false,true,true,true,false,false,false,false,false,false,false,false,0,true,5.905552407244217,,,0,14.220619660728108,12.8238,false,3,57.195,941.805,1,true,"M",true,false,false,false,"work1",false,false,1,1,0,0,0,0,0,0,0,0,0,0,242185,140,-1,150
93764,45,2,2,1,3,1,false,true,true,false,true,true,false,false,true,true,true,false,false,false,false,false,false,false,false,0,true,5.905552407244217,,,0,14.235916447458674,12.8238,false,3,57.195,941.805,1,true,"N",true,false,false,false,"",false,false,0,0,0,32,1,1,0,0,0,0,0,0,242186,140,-1,150
93764,17,3,1,3,1,6,true,true,false,true,false,true,false,false,false,true,true,false,false,false,false,true,false,true,false,2,false,3.939003455631893,12.46103280738332,0.5,6,,,false,,0,0,0,false,"M",true,false,false,false,"school1",false,false,1,0,0,0,0,0,0,0,0,0,0,0,242187,140,140,-1
93764,15,4,1,4,1,7,false,false,false,true,false,true,false,false,true,true,true,false,false,false,false,true,false,true,false,2,false,3.939003455631893,12.451884817293024,0.5,6,,,false,,0,0,0,false,"M",true,false,false,false,"school1",false,false,1,0,0,32,1,1,0,0,0,0,0,0,242188,140,140,-1
93764,13,5,2,4,1,7,false,false,false,false,true,true,false,false,true,true,true,false,false,false,false,true,true,false,false,1,false,3.939003455631893,12.391089417986935,22.2074,74.5,,,false,,0,0,0,false,"M",true,false,false,false,"school1",false,false,1,0,0,0,0,0,0,0,0,0,0,0,242189,140,152,-1
93764,60,6,2,3,3,4,false,true,true,false,true,false,false,false,true,true,true,false,false,false,false,false,false,false,false,0,false,5.905552407244217,,,0,,,false,,0,0,0,false,"N",true,false,false,false,"",false,false,0,0,0,56,3,1,0,1,1,0,0,2,242190,140,-1,-1
98526,68,1,1,3,3,5,false,true,true,true,false,false,true,false,false,false,true,false,false,false,false,false,false,false,false,0,false,23.23935551021415,,,0,,,false,,0,0,0,false,"H",false,false,false,false,"",false,false,0,0,0,0,0,0,0,0,0,0,0,0,254219,53,-1,-1
98526,67,2,2,3,3,5,false,true,true,false,true,false,true,false,false,false,true,false,false,false,false,false,false,false,false,0,false,23.23935551021415,,,0,,,false,,0,0,0,false,"H",false,false,false,false,"",false,false,0,0,0,0,0,0,0,0,0,0,0,0,254220,53,-1,-1
98526,38,3,1,1,3,1,false,true,true,true,false,false,true,false,false,false,true,false,false,false,false,false,false,false,false,0,true,23.23935551021415,,,0,14.800165340435106,3.7738,false,3,18.645,980.355,1,false,"M",true,false,false,false,"work1",false,false,1,1,0,0,0,0,0,0,0,0,0,0,254221,53,-1,14
98526,34,4,2,1,3,1,false,true,true,false,true,false,true,false,false,false,true,false,false,false,false,false,false,false,false,0,true,23.23935551021415,,,0,14.796462351077743,12.6271,false,3,51.3925,947.6075,1,false,"H",false,false,false,false,"",false,false,0,0,0,0,0,0,0,0,0,0,0,0,254222,53,-1,139
98526,32,5,2,1,3,1,false,true,true,false,true,false,true,false,false,false,true,false,false,false,false,false,false,false,false,0,true,23.23935551021415,,,0,14.786630919948166,11.1598,false,2,39.955,959.045,1,true,"M",true,false,false,false,"work1",false,false,1,1,0,0,0,0,0,0,0,0,0,0,254223,53,-1,6
100239,33,1,1,1,3,1,false,true,true,true,false,false,false,false,false,false,true,false,false,false,false,false,false,false,false,0,true,3.5576684213862273,,,0,16.295425530492675,0.5,false,2,6,993,1,false,"M",true,false,false,false,"work1",false,false,1,1,0,0,0,0,0,0,0,0,0,0,258717,89,-1,89
100239,30,2,2,1,3,1,false,true,true,false,true,false,false,false,false,false,true,false,false,false,false,false,false,false,false,0,true,3.5576684213862273,,,0,16.29535591641107,9.9272,false,2,47.137497,951.8625,1,false,"M",true,false,false,false,"work1",false,false,1,1,0,0,0,0,0,0,0,0,0,0,258718,89,-1,19
100331,50,1,1,1,3,1,false,true,true,true,false,true,false,false,false,true,false,false,false,false,false,false,false,false,false,0,true,8.361986579976941,,,0,14.648885309231156,10.5781,false,3,37.8525,961.1475,1,false,"M",true,false,false,false,"work1",false,false,1,1,0,16,2,0,0,2,0,0,0,2,259062,89,-1,166
100331,43,2,2,3,3,4,false,true,true,false,true,false,false,false,false,true,true,false,false,false,false,false,false,false,false,0,false,8.361986579976941,,,0,,,false,,0,0,0,false,"N",true,false,false,false,"",false,false,0,0,0,48,2,1,0,1,0,0,0,1,259063,89,-1,-1
100331,15,3,1,4,1,7,false,false,false,true,false,true,false,false,false,true,true,false,false,false,false,true,false,true,false,2,false,5.57744504884462,12.882319711908375,15.926,59.677498,,,false,,0,0,0,false,"M",true,false,false,false,"school1",false,false,1,0,0,0,0,0,0,0,0,0,0,0,259064,89,102,-1
100331,11,4,1,4,1,7,false,false,false,true,false,true,false,false,false,true,true,false,false,false,false,true,true,false,false,1,false,5.57744504884462,12.834982440552086,0.5,6,,,false,,0,0,0,false,"M",true,false,false,false,"school2",false,false,2,0,0,16,1,0,0,1,0,0,0,1,259065,89,89,-1
102307,30,1,1,1,2,3,false,true,true,true,false,false,false,false,false,false,false,false,false,true,false,true,false,false,true,3,true,8.973444636027242,9.710396341975809,0.5,6,14.592322938897519,10.0375,false,2,37.9225,961.0775,1,false,"N",true,false,false,false,"",false,false,0,0,0,16,1,0,0,1,0,0,0,1,264194,112,112,89
103277,32,1,1,3,3,4,false,true,true,true,false,true,false,false,false,false,false,false,false,false,false,false,false,false,false,0,false,3.034676239237951,,,0,,,false,,0,0,0,false,"N",true,false,false,false,"",false,false,0,0,0,1,1,0,0,0,0,1,0,1,265760,112,-1,-1
103277,32,2,2,3,3,4,false,true,true,false,true,true,false,false,false,false,false,false,false,false,false,false,false,false,false,0,false,3.034676239237951,,,0,,,false,,0,0,0,false,"N",true,false,false,false,"",false,false,0,0,0,32,1,1,0,0,0,0,0,0,265761,112,-1,-1
103650,20,1,1,3,3,4,false,true,true,true,false,false,false,false,false,false,false,false,false,false,false,false,false,false,false,0,false,2.513962871157449,,,0,,,false,,0,0,0,false,"N",true,false,false,false,"",false,false,0,0,0,16,1,0,0,1,0,0,0,1,266445,118,-1,-1
104810,65,1,2,3,3,5,false,true,true,false,true,false,false,false,false,false,true,false,false,false,false,false,false,false,false,0,false,4.083874536527451,,,0,,,false,,0,0,0,false,"N",true,false,false,false,"",false,false,0,0,1,0,0,0,0,0,0,0,1,0,269232,157,-1,-1
104810,33,2,2,1,3,1,false,true,true,false,true,false,true,false,false,false,false,false,false,false,false,false,false,false,false,0,true,4.083874536527451,,,0,14.450159825853913,9.2785,false,3,37.925003,961.075,1,true,"M",true,false,false,false,"work1",false,false,1,1,1,0,0,0,0,0,0,0,0,0,269233,157,-1,141
105864,60,1,1,2,3,2,false,true,true,true,false,false,false,false,false,false,true,false,false,false,false,false,false,false,false,0,true,12.287408107857049,,,0,14.614058702535916,15.8834,false,3,69.33,929.67,1,false,"H",false,false,false,false,"",false,false,0,0,0,0,0,0,0,0,0,0,0,0,272035,112,-1,77
105864,59,2,2,1,3,1,false,true,true,false,true,false,false,false,false,false,false,true,false,false,false,false,false,false,false,0,true,12.287408107857049,,,0,14.600569888319244,22.3272,false,3,71.6575,927.3425,1,false,"H",false,false,false,false,"",false,false,0,0,0,0,0,0,0,0,0,0,0,0,272036,112,-1,26
108050,43,1,1,1,3,1,false,true,true,true,false,true,true,true,false,true,false,true,false,false,false,false,false,false,false,0,true,5.3606851442411685,,,0,16.10023915482674,5.8608,false,3,25.752499,973.2475,1,false,"N",true,false,false,false,"",false,false,0,0,0,16,1,0,0,1,0,0,0,1,276794,157,-1,112
108050,41,2,2,3,3,4,false,true,true,false,true,true,true,true,false,true,true,true,false,false,false,false,false,false,false,0,false,5.3606851442411685,,,0,,,false,,0,0,0,false,"N",true,false,false,false,"",false,false,0,0,0,80,3,2,0,1,0,0,0,1,276795,157,-1,-1
108050,10,3,1,4,1,7,false,false,false,true,false,true,true,true,false,false,true,true,false,false,false,true,true,false,false,1,false,3.5755769912088597,21.62274217535878,17.3888,67.3475,,,false,,0,0,0,false,"M",true,false,false,false,"school1",false,false,1,0,0,1,2,0,0,0,0,2,0,2,276796,157,76,-1
108050,0,4,1,4,1,8,false,false,false,true,false,true,true,false,false,true,true,true,false,false,false,true,true,false,false,1,false,3.5755769912088597,21.6227421776178,0.5,6,,,false,,0,0,0,false,"M",true,false,false,false,"school1",false,false,1,0,0,1,1,0,0,0,0,1,0,1,276797,157,157,-1
108050,76,5,2,3,3,5,false,true,true,false,true,true,false,true,false,true,true,true,false,false,false,false,false,false,false,0,false,5.3606851442411685,,,0,,,false,,0,0,0,false,"N",true,false,false,false,"",false,false,0,0,0,1,1,0,0,0,0,1,0,1,276798,157,-1,-1
108050,44,6,2,3,3,4,false,true,true,false,true,true,true,true,false,true,true,true,false,false,false,false,false,false,false,0,false,5.3606851442411685,,,0,,,false,,0,0,0,false,"H",false,false,false,false,"",false,false,0,0,0,0,0,0,0,0,0,0,0,0,276799,157,-1,-1
108050,25,7,1,2,3,2,false,true,true,true,false,true,true,true,false,true,true,true,false,false,false,false,false,false,false,0,true,5.3606851442411685,,,0,16.094764576755654,13.0155,false,2,52.8625,946.1375,1,true,"N",true,false,false,false,"",false,false,0,0,0,80,4,2,0,2,0,0,0,2,276800,157,-1,98
108050,31,8,2,2,3,2,false,true,true,false,true,true,true,true,false,true,true,true,false,false,false,false,false,false,false,0,true,5.3606851442411685,,,0,16.097493447735886,10.9059,false,2,44.442497,954.5575,1,true,"M",true,false,false,false,"work1",false,false,1,1,0,0,0,0,0,0,0,0,0,0,276801,157,-1,19
108050,17,9,1,2,3,2,true,true,false,true,false,true,true,true,false,true,true,true,false,false,false,false,false,false,false,0,true,3.5755769912088597,,,0,16.09639631821381,5.7838,false,3,25.7025,973.2975,1,false,"M",true,false,false,false,"work1",false,false,1,1,0,0,0,0,0,0,0,0,0,0,276802,157,-1,35
112678,34,1,2,1,3,1,false,true,true,false,true,true,false,false,false,false,true,false,false,false,false,false,false,false,false,0,true,5.013960860224402,,,0,13.802789481879886,0.5,false,3,6,993,1,true,"M",true,false,false,false,"work1",false,false,1,1,0,0,0,0,0,0,0,0,0,0,287724,25,-1,25
112678,32,2,1,1,3,1,false,true,true,true,false,true,false,false,false,false,true,false,false,false,false,false,false,false,false,0,true,5.013960860224402,,,0,13.801831820604095,26.2302,false,3,103.2975,895.7025,1,true,"M",true,false,false,false,"work1",false,false,1,1,0,0,0,0,0,0,0,0,0,0,287725,25,-1,10
112678,61,3,2,3,3,4,false,true,true,false,true,false,false,false,false,false,true,false,false,false,false,false,false,false,false,0,false,5.013960860224402,,,0,,,false,,0,0,0,false,"N",true,false,false,false,"",false,false,0,0,0,32,1,1,0,0,0,0,0,0,287726,25,-1,-1
114484,38,1,1,1,3,1,false,true,true,true,false,false,false,false,false,false,true,false,false,false,false,false,false,false,false,0,true,10.939098768947197,,,0,15.651383996224112,25.2518,false,3,75.825,923.175,1,false,"N",true,false,false,false,"",false,false,0,0,0,8,1,0,0,0,1,0,0,1,292868,146,-1,152
114484,35,2,2,1,3,1,false,true,true,false,true,false,false,false,false,false,true,false,false,false,false,false,false,false,false,0,true,10.939098768947197,,,0,15.65930710771586,15.8889,false,2,63.177498,935.8225,1,true,"M",true,false,false,false,"work1",false,false,1,1,0,20,2,0,1,1,0,0,0,2,292869,146,-1,16
116719,36,1,1,1,3,1,false,true,true,true,false,true,false,true,false,true,false,false,false,false,false,false,false,false,false,0,true,50,,,0,15.688936407693577,27.8182,false,2,83.53,915.47,1,true,"M",true,false,false,false,"work1",false,false,1,1,0,0,0,0,0,0,0,0,0,0,299099,146,-1,43
116719,35,2,2,3,3,4,false,true,true,false,true,false,false,true,false,true,true,false,false,false,false,false,false,false,false,0,false,50,,,0,,,false,,0,0,0,false,"N",true,false,false,false,"",false,false,0,0,0,64,2,2,0,0,0,0,0,0,299100,146,-1,-1
116719,8,3,2,4,1,7,false,false,false,false,true,true,false,true,false,false,true,false,false,false,false,true,true,false,false,1,false,33.35,22.106703877458298,0.5,6,,,false,,0,0,0,false,"M",true,false,false,false,"school1",false,false,1,0,0,1,1,0,0,0,0,1,0,1,299101,146,146,-1
116719,3,4,1,4,1,8,false,false,false,true,false,true,false,false,false,true,true,false,false,false,false,true,true,false,false,1,false,33.35,22.106703871859942,0.5,6,,,false,,0,0,0,false,"M",true,false,false,false,"school1",false,false,1,0,0,0,0,0,0,0,0,0,0,0,299102,146,146,-1
117405,27,1,2,1,3,1,false,true,true,false,true,false,false,false,false,false,false,false,true,false,false,false,false,false,false,0,true,3.1494646518106464,,,0,15.641543529051999,23.7165,false,2,66.3675,932.6325,1,false,"M",true,false,false,false,"work1",false,false,1,1,0,8,2,0,0,0,2,0,0,2,300616,146,-1,85
117405,22,2,2,3,2,3,false,true,true,false,true,false,false,false,false,false,true,false,false,false,false,true,false,false,true,3,false,3.1494646518106464,12.475085766488641,0.5,6,,,false,,0,0,0,false,"N",true,false,false,false,"",false,false,0,0,0,52,3,1,1,1,0,0,0,2,300617,146,146,-1
117901,23,1,1,1,3,1,false,true,true,true,false,true,false,true,false,false,false,false,false,false,false,false,false,false,false,0,true,26.055088381492098,,,0,16.496962634489456,8.1224,false,2,36.3925,962.6075,1,false,"H",false,false,false,false,"",false,false,0,0,0,0,0,0,0,0,0,0,0,0,301973,162,-1,71
117901,20,2,2,3,3,4,false,true,true,false,true,false,false,true,false,false,true,false,false,false,false,false,false,false,false,0,false,26.055088381492098,,,0,,,false,,0,0,0,false,"N",true,false,false,false,"",false,false,0,0,0,41,3,1,0,0,1,1,0,2,301974,162,-1,-1
117901,0,3,2,4,1,8,false,false,false,false,true,true,false,false,false,false,true,false,false,false,false,true,true,false,false,1,false,17.37874395045523,22.282221293919356,17.8704,61.775,,,false,,0,0,0,false,"N",true,true,false,false,"",false,false,0,0,0,16,1,0,0,1,0,0,0,1,301975,162,2,-1
118555,21,1,1,2,3,2,false,true,true,true,false,false,false,false,false,false,true,false,false,false,false,false,false,false,false,0,true,1.0676633226137735,,,0,16.31301655335345,18.1289,false,2,69.024994,929.975,1,false,"N",true,false,false,false,"",false,false,0,0,0,5,2,0,1,0,0,1,0,2,304214,92,-1,89
118555,21,2,2,1,3,1,false,true,true,false,true,false,false,false,false,false,false,true,false,false,false,false,false,false,false,0,true,1.0676633226137735,,,0,16.312994504504218,11.5631,false,3,43.5425,955.4575,1,false,"M",true,false,false,false,"work1",false,false,1,1,0,0,0,0,0,0,0,0,0,0,304215,92,-1,105
119141,25,1,2,1,3,1,false,true,true,false,true,false,false,false,false,false,false,false,false,false,false,false,false,false,false,0,true,7.381021038091237,,,0,16.315177561223436,8.1675,false,3,30.54,968.46,1,true,"M",true,false,false,false,"work1",false,false,1,1,0,1,1,0,0,0,0,1,0,1,305760,92,-1,176
122807,34,1,1,1,3,1,false,true,true,true,false,false,false,true,false,false,true,false,false,false,false,false,false,false,false,0,true,15.757025968844433,,,0,14.311698770522126,24.9825,false,3,88.1525,910.84753,1,true,"M",true,false,false,false,"work1",false,false,1,1,0,0,0,0,0,0,0,0,0,0,317241,37,-1,112
122807,30,2,2,1,3,1,false,true,true,false,true,false,false,true,false,false,true,false,false,false,false,false,false,false,false,0,true,15.757025968844433,,,0,14.308878367831975,10.2595,false,2,40.08,958.92,1,true,"M",true,false,false,false,"work1",false,false,1,1,0,0,0,0,0,0,0,0,0,0,317242,37,-1,136
122807,0,3,1,4,1,8,false,false,false,true,false,false,false,false,false,false,true,false,false,false,false,true,true,false,false,1,false,10.509936321219238,12.275439032225002,4.211,21.3925,,,false,,0,0,0,false,"M",true,false,false,false,"school1",false,false,1,0,0,0,0,0,0,0,0,0,0,0,317243,37,54,-1
123486,33,1,2,3,3,4,false,true,true,false,true,false,false,false,false,false,false,false,false,false,false,false,false,false,false,0,false,6.8917110926475935,,,0,,,false,,0,0,0,false,"N",true,false,false,false,"",false,false,0,0,0,16,1,0,0,1,0,0,0,1,319463,160,-1,-1
123530,40,1,1,2,3,2,false,true,true,true,false,false,false,false,false,false,false,false,false,false,false,false,false,false,false,0,true,2.45228378380601,,,0,14.602075074966496,7.6532,false,3,31.7025,967.2975,1,true,"H",false,false,false,false,"",false,false,0,0,0,0,0,0,0,0,0,0,0,0,319558,54,-1,132
124464,54,1,2,1,3,1,false,true,true,false,true,false,false,false,false,false,true,true,false,false,false,false,false,false,false,0,true,8.5019020185102,,,0,16.096189370922083,12.8081,false,3,55.31,943.69,1,false,"H",false,false,false,false,"",false,false,0,0,0,0,0,0,0,0,0,0,0,0,322826,160,-1,139
124464,55,2,1,2,3,2,false,true,true,true,false,false,false,false,false,false,true,true,false,false,false,false,false,false,false,0,true,8.5019020185102,,,0,16.08913050715573,18.1419,false,2,78.765,920.235,1,false,"H",false,false,false,false,"",false,false,0,0,0,0,0,0,0,0,0,0,0,0,322827,160,-1,89
124464,34,3,2,2,3,2,false,true,true,false,true,false,false,false,false,false,true,true,false,false,false,false,false,false,false,0,true,8.5019020185102,,,0,16.08627693578005,4.7684,false,2,27.33,971.67,1,true,"M",true,false,false,false,"work1",false,false,1,1,0,8,1,0,0,0,1,0,0,1,322828,160,-1,54
124464,40,4,2,1,3,1,false,true,true,false,true,false,false,false,false,false,true,true,false,false,false,false,false,false,false,0,true,8.5019020185102,,,0,16.100173180989774,13.9347,false,2,62.57,936.43,1,false,"M",true,false,false,false,"work1",false,false,1,1,0,0,0,0,0,0,0,0,0,0,322829,160,-1,85
124464,45,5,1,1,3,1,false,true,true,true,false,false,false,false,false,false,true,true,false,false,false,false,false,false,false,0,true,8.5019020185102,,,0,16.099964743427662,10.2537,false,2,43.832497,955.1675,1,true,"H",false,false,false,false,"",false,false,0,0,0,0,0,0,0,0,0,0,0,0,322830,160,-1,43
124464,27,6,2,1,3,1,false,true,true,false,true,false,false,false,false,false,true,true,false,false,false,false,false,false,false,0,true,8.5019020185102,,,0,16.084592859453213,11.3517,false,3,52.205,946.795,1,false,"M",true,false,false,false,"work1",false,false,1,1,0,0,0,0,0,0,0,0,0,0,322831,160,-1,39
125467,45,1,1,1,3,1,false,true,true,true,false,true,false,false,false,false,true,false,false,false,false,false,false,false,false,0,true,6.952236007257149,,,0,16.08765746627023,4.7684,false,2,27.33,971.67,1,true,"M",true,false,false,false,"work1",false,false,1,1,0,16,1,0,0,1,0,0,0,1,325706,160,-1,54
125467,42,2,2,1,3,1,false,true,true,false,true,true,false,false,false,false,true,false,false,false,false,false,false,false,false,0,true,6.952236007257149,,,0,16.09042455029396,30.9575,false,3,106.9525,892.0475,1,true,"M",true,false,false,false,"work1",false,false,1,1,0,0,0,0,0,0,0,0,0,0,325707,160,-1,68
125467,17,3,2,1,3,1,true,true,false,false,true,true,false,false,false,false,true,false,false,false,false,false,false,false,false,0,true,4.637141416840518,,,0,16.084584768008686,9.5794,false,2,42.875,956.125,1,false,"M",true,false,false,false,"work1",false,false,1,1,0,0,0,0,0,0,0,0,0,0,325708,160,-1,103
125467,15,4,1,4,3,4,false,false,false,true,false,false,false,false,false,false,true,false,false,false,false,false,false,false,false,0,false,4.637141416840518,,,0,,,false,,0,0,0,false,"N",true,false,false,false,"",false,false,0,0,0,2,2,0,0,0,0,0,2,2,325709,160,-1,-1
126016,38,1,1,2,3,2,false,true,true,true,false,true,true,false,false,true,false,false,false,false,false,false,false,false,false,0,true,5.364967912746687,,,0,13.940283721336515,21.0464,false,3,71.6875,927.3125,1,true,"M",true,false,false,false,"work1",false,false,1,1,1,0,0,0,0,0,1,0,0,0,327603,48,-1,33
126016,36,2,2,3,3,4,false,true,true,false,true,false,true,false,false,true,false,true,false,false,false,false,false,false,false,0,false,5.364967912746687,,,0,,,false,,0,0,0,false,"N",true,false,false,false,"",false,false,0,0,1,48,2,1,0,1,0,0,0,1,327604,48,-1,-1
126016,12,3,1,4,1,7,false,false,false,true,false,true,true,false,false,true,false,true,false,false,false,true,true,false,false,1,false,3.5784335978020407,12.6677094521408,0.5,6,,,false,,0,0,0,false,"M",true,false,false,false,"school1",false,false,1,0,0,0,0,0,0,0,0,0,0,0,327605,48,48,-1
126016,8,4,1,4,1,7,false,false,false,true,false,true,true,false,false,true,false,true,false,false,false,true,true,false,false,1,false,3.5784335978020407,12.657338561877715,0.5,6,,,false,,0,0,0,false,"M",true,false,false,false,"school1",false,false,1,0,1,2,1,0,0,0,0,0,1,1,327606,48,48,-1
126016,77,5,2,3,3,5,false,true,true,false,true,true,false,false,false,true,false,true,false,false,false,false,false,false,false,0,false,5.364967912746687,,,0,,,false,,0,0,0,false,"N",true,false,false,false,"",false,false,0,0,1,40,2,1,0,0,1,0,0,1,327607,48,-1,-1
127462,44,1,1,1,3,1,false,true,true,true,false,true,false,false,false,true,false,false,false,false,false,false,false,false,false,0,true,10.152973550419963,,,0,13.938636060914332,20.3266,false,3,79.965,919.03503,1,true,"M",true,false,false,false,"work1",false,false,1,1,0,0,0,0,0,0,0,0,0,0,332561,48,-1,111
127462,40,2,2,3,3,4,false,true,true,false,true,false,false,false,false,true,true,false,false,false,false,false,false,false,false,0,false,10.152973550419963,,,0,,,false,,0,0,0,false,"N",true,false,false,false,"",false,false,0,0,0,32,1,1,0,0,0,0,0,0,332562,48,-1,-1
127462,13,3,2,4,1,7,false,false,false,false,true,true,false,false,false,false,true,false,false,false,false,true,true,false,false,1,false,6.772033358130116,12.672636310097307,0.5,6,,,false,,0,0,0,false,"M",true,false,false,false,"school1",false,false,1,0,0,0,0,0,0,0,0,0,0,0,332563,48,48,-1
127524,63,1,1,3,3,4,false,true,true,true,false,true,false,false,false,false,true,false,false,false,false,false,false,false,false,0,false,2.3690091855937454,,,0,,,false,,0,0,0,false,"N",true,false,false,false,"",false,false,0,0,0,16,1,0,0,1,0,0,0,1,332777,78,-1,-1
127524,61,2,2,3,3,4,false,true,true,false,true,true,false,false,false,false,true,false,false,false,false,false,false,false,false,0,false,2.3690091855937454,,,0,,,false,,0,0,0,false,"N",true,false,false,false,"",false,false,0,0,0,4,1,0,1,0,0,0,0,1,332778,78,-1,-1
127524,39,3,1,1,3,1,false,true,true,true,false,true,false,false,false,false,false,false,false,false,false,false,false,false,false,0,true,2.3690091855937454,,,0,13.6568555210058,0.5,false,3,6,993,1,true,"M",true,false,false,false,"work1",false,false,1,1,0,1,1,0,0,0,0,1,0,1,332779,78,-1,78
129265,48,1,1,3,3,4,false,true,true,true,false,true,false,false,false,false,false,false,false,false,false,false,false,false,false,0,false,2.7676946849438893,,,0,,,false,,0,0,0,false,"N",true,false,false,false,"",false,false,0,0,0,16,1,0,0,1,0,0,0,1,337467,48,-1,-1
129265,52,2,2,3,3,4,false,true,true,false,true,true,false,false,false,false,false,false,false,false,false,false,false,false,false,0,false,2.7676946849438893,,,0,,,false,,0,0,0,false,"N",true,false,false,false,"",false,false,0,0,0,20,2,0,1,1,0,0,0,2,337468,48,-1,-1
129265,20,3,2,3,3,4,false,true,true,false,true,true,false,false,false,false,false,false,false,false,false,false,false,false,false,0,false,2.7676946849438893,,,0,,,false,,0,0,0,false,"H",false,false,false,false,"",false,false,0,0,0,0,0,0,0,0,0,0,0,0,337469,48,-1,-1
130198,45,1,1,3,3,4,false,true,true,true,false,true,false,false,false,false,false,false,false,false,false,false,false,false,false,0,false,8.11914988378871,,,0,,,false,,0,0,0,false,"H",false,false,false,false,"",false,false,0,0,0,0,0,0,0,0,0,0,0,0,339334,98,-1,-1
130198,47,2,2,3,3,4,false,true,true,false,true,true,false,false,false,false,false,false,false,false,false,false,false,false,false,0,false,8.11914988378871,,,0,,,false,,0,0,0,false,"N",true,false,false,false,"",false,false,0,0,0,16,1,0,0,1,0,0,0,1,339335,98,-1,-1
130198,16,3,2,3,3,4,true,true,false,false,true,true,false,false,false,false,false,false,false,false,false,false,false,false,false,0,false,5.41547297248707,,,0,,,false,,0,0,0,false,"N",true,false,false,false,"",false,false,0,0,0,8,1,0,0,0,1,0,0,1,339336,98,-1,-1
130727,71,1,1,1,3,1,false,true,true,true,false,false,false,false,false,false,false,false,false,false,false,false,false,false,false,0,true,5.004787683727368,,,0,16.601025361281543,16.9046,false,3,63.815,935.185,1,false,"M",true,false,false,false,"work1",false,false,1,1,0,0,0,0,0,0,0,0,0,0,340616,58,-1,68
131256,22,1,1,1,3,1,false,true,true,true,false,true,false,true,false,false,false,false,false,false,false,false,false,false,false,0,true,2.6392746928283057,,,0,16.318244800397526,11.4356,false,3,44.9525,954.0475,1,true,"M",true,false,false,false,"work1",false,false,1,1,1,0,0,0,0,1,0,0,0,0,341377,74,-1,151
131256,31,2,2,3,3,4,false,true,true,false,true,false,false,true,false,false,true,false,false,false,false,false,false,false,false,0,false,2.6392746928283057,,,0,,,false,,0,0,0,false,"N",true,false,false,false,"",false,false,0,0,1,0,0,0,0,0,0,0,0,0,341378,74,-1,-1
131256,4,3,2,4,1,8,false,false,false,false,true,true,false,false,false,false,true,false,false,false,false,true,true,false,false,1,false,1.76039622011648,21.647958837543445,5.6459,27.5775,,,false,,0,0,0,false,"N",true,true,false,false,"",false,false,0,0,1,0,0,0,0,0,0,0,0,0,341379,74,152,-1
132050,32,1,2,1,3,1,false,true,true,false,true,false,false,false,false,false,false,false,false,false,false,false,false,false,false,0,true,14.48286016277692,,,0,16.479530780582575,9.3522,false,3,36.3325,962.6675,1,false,"N",true,false,false,false,"",false,false,0,0,0,8,1,0,0,0,1,0,0,1,342483,85,-1,112
134198,42,1,1,1,3,1,false,true,true,true,false,true,false,false,false,false,false,false,false,false,false,false,false,false,false,0,true,21.327761686243644,,,0,16.14646734643903,8.5741,false,2,36.85,962.15,1,true,"M",true,false,false,false,"work1",false,false,1,1,0,0,0,0,0,0,0,0,0,0,348568,129,-1,157
134198,48,2,2,3,3,4,false,true,true,false,true,false,false,false,false,false,true,false,false,false,false,false,false,false,false,0,false,21.327761686243644,,,0,,,false,,0,0,0,false,"N",true,false,false,false,"",false,false,0,0,0,2,1,0,0,0,0,0,1,1,348569,129,-1,-1
134902,55,1,2,3,3,4,false,true,true,false,true,true,false,false,false,false,true,false,false,false,false,false,false,false,false,0,false,46.84092392391818,,,0,,,false,,0,0,0,false,"N",true,false,false,false,"",false,false,0,0,0,16,1,0,0,1,0,0,0,1,350932,142,-1,-1
134902,57,2,1,3,3,4,false,true,true,true,false,true,false,false,false,false,true,false,false,false,false,false,false,false,false,0,false,46.84092392391818,,,0,,,false,,0,0,0,false,"N",true,false,false,false,"",false,false,0,0,0,16,1,0,0,1,0,0,0,1,350933,142,-1,-1
134902,31,3,1,3,3,4,false,true,true,true,false,true,false,false,false,false,true,false,false,false,false,false,false,false,false,0,false,46.84092392391818,,,0,,,false,,0,0,0,false,"H",false,false,false,false,"",false,false,0,0,0,0,0,0,0,0,0,0,0,0,350934,142,-1,-1
134902,30,4,2,1,3,1,false,true,true,false,true,true,false,false,false,false,false,false,false,false,false,false,false,false,false,0,true,46.84092392391818,,,0,14.403875335342939,12.4556,false,2,50.935,948.065,1,true,"M",true,false,false,false,"work1",false,false,1,1,0,1,1,0,0,0,0,1,0,1,350935,142,-1,19
134902,24,5,1,3,3,4,false,true,true,true,false,true,false,false,false,false,true,false,false,false,false,false,false,false,false,0,false,46.84092392391818,,,0,,,false,,0,0,0,false,"N",true,false,false,false,"",false,false,0,0,0,16,1,0,0,1,0,0,0,1,350936,142,-1,-1
140931,19,1,2,1,3,1,true,true,true,false,true,false,false,false,false,false,false,false,false,false,false,false,false,false,false,0,true,29.70901164220057,,,0,15.55706504514306,35.6056,false,3,95.4525,903.5475,1,false,"M",true,false,false,false,"work1",false,false,1,1,0,0,0,0,0,0,0,0,0,0,362197,38,-1,176
141038,48,1,2,1,3,1,false,true,true,false,true,false,false,false,false,false,false,false,false,false,false,false,false,false,false,0,true,5.4201075421895615,,,0,15.8597141773206,5.3298,false,3,25.875,973.125,1,false,"M",true,false,false,false,"work1",false,false,1,1,0,0,0,0,0,0,0,0,0,0,362561,39,-1,178
143111,64,1,1,3,3,4,false,true,true,true,false,false,false,false,false,true,true,false,false,false,false,false,false,false,false,0,false,4.51609848976551,,,0,,,false,,0,0,0,false,"N",true,false,false,true,"",false,false,0,0,0,9,2,0,0,0,1,1,0,2,369459,23,-1,-1
143111,42,2,2,1,3,1,false,true,true,false,true,true,false,false,false,true,false,false,false,false,false,false,false,false,false,0,true,4.51609848976551,,,0,14.236933279315144,16.359,false,3,65.315,933.685,1,true,"H",false,false,false,true,"",false,false,0,0,0,0,0,0,0,0,0,0,0,0,369460,23,-1,9
143111,14,3,1,4,1,7,false,false,false,true,false,true,false,false,false,true,true,false,false,false,false,true,true,false,false,1,false,3.0122376926735956,12.16824254009103,0.5,6,,,false,,0,0,0,false,"H",false,true,false,true,"",false,false,0,0,0,0,0,0,0,0,0,0,0,0,369461,23,23,-1
143111,6,4,1,4,1,7,false,false,false,true,false,true,false,false,false,true,true,false,false,false,false,true,true,false,false,1,false,3.0122376926735956,12.157327407518295,9.2918,39.22,,,false,,0,0,0,false,"H",false,true,false,true,"",false,false,0,0,0,0,0,0,0,0,0,0,0,0,369462,23,112,-1
144182,51,1,1,1,3,1,false,true,true,true,false,false,false,false,false,true,true,false,false,false,false,false,false,false,false,0,true,11.392466487321828,,,0,14.055632264908503,29.8637,false,2,76.8725,922.1275,1,true,"M",true,false,false,false,"work1",false,false,1,1,0,0,0,0,0,0,0,0,0,0,372070,90,-1,103
144182,46,2,2,1,3,1,false,true,true,false,true,false,false,false,false,true,true,false,false,false,false,false,false,false,false,0,true,11.392466487321828,,,0,14.06409207977249,15.8568,false,3,60.515,938.485,1,true,"N",true,false,false,false,"",false,false,0,0,0,24,2,0,0,1,1,0,0,2,372071,90,-1,129
144182,15,3,1,4,1,7,false,false,false,true,false,false,false,false,false,false,true,false,false,false,false,true,false,true,false,2,false,7.59877514704366,12.574573843827768,0.5,6,,,false,,0,0,0,false,"M",true,false,false,false,"school2",false,false,2,0,0,0,0,0,0,0,0,0,0,0,372072,90,90,-1
144552,53,1,2,3,3,4,false,true,true,false,true,false,false,false,false,true,false,false,false,false,false,false,false,false,false,0,false,2.611337031651354,,,0,,,false,,0,0,0,false,"H",false,false,false,false,"",false,false,0,0,0,0,0,0,0,0,0,0,0,0,373027,90,-1,-1
144552,10,2,1,4,1,7,false,false,false,true,false,true,false,false,false,false,false,false,false,false,false,true,true,false,false,1,false,1.741761800111453,22.046891344244212,0.5,6,,,false,,0,0,0,false,"M",true,false,false,false,"school1",false,false,1,0,0,0,0,0,0,0,0,0,0,0,373028,90,90,-1
147855,31,1,2,3,3,4,false,true,true,false,true,true,false,false,false,false,false,false,false,false,false,false,false,false,false,0,false,3.2414523742241594,,,0,,,false,,0,0,0,false,"N",true,false,false,false,"",false,false,0,0,0,8,1,0,0,0,1,0,0,1,380722,70,-1,-1
147855,63,2,2,3,3,4,false,true,true,false,true,true,false,false,false,false,false,false,false,false,false,false,false,false,false,0,false,3.2414523742241594,,,0,,,false,,0,0,0,false,"N",true,false,false,false,"",false,false,0,0,0,1,1,0,0,0,0,1,0,1,380723,70,-1,-1
147897,30,1,2,3,3,4,false,true,true,false,true,false,false,false,false,false,false,false,false,false,false,false,false,false,false,0,false,7.613785464721384,,,0,,,false,,0,0,0,false,"N",true,false,false,false,"",false,false,0,0,0,16,1,0,0,1,0,0,0,1,380828,91,-1,-1
148381,66,1,2,3,3,5,false,true,true,false,true,false,false,false,false,false,true,false,false,false,false,false,false,false,false,0,false,10.57193072666256,,,0,,,false,,0,0,0,false,"N",true,false,false,false,"",false,false,0,0,0,9,4,0,0,0,1,3,0,4,382345,91,-1,-1
148381,40,2,1,1,3,1,false,true,true,true,false,false,true,false,false,false,true,false,false,false,false,false,false,false,false,0,true,10.57193072666256,,,0,13.814168629278372,50.6774,false,4,153.9475,845.0525,1,true,"M",true,false,false,false,"work1",false,false,1,1,0,0,0,0,0,0,0,0,0,0,382346,91,-1,108
148381,32,3,2,1,3,1,false,true,true,false,true,false,true,false,false,false,true,false,false,false,false,false,false,false,false,0,true,10.57193072666256,,,0,13.830857965883672,11.9656,false,3,58.675,940.325,1,true,"M",true,false,false,false,"work1",false,false,1,1,0,16,2,0,0,2,0,0,0,2,382347,91,-1,10
151074,62,1,2,3,3,4,false,true,true,false,true,true,false,false,false,true,false,false,false,false,false,false,false,false,false,0,false,13.043398750409558,,,0,,,false,,0,0,0,false,"N",true,false,false,true,"",false,false,0,0,0,8,1,0,0,0,1,0,0,1,389883,70,-1,-1
151074,28,2,2,3,3,4,false,true,true,false,true,true,false,false,false,true,false,false,false,false,false,false,false,false,false,0,false,13.043398750409558,,,0,,,false,,0,0,0,false,"N",true,false,false,true,"",false,false,0,0,0,1,1,0,0,0,0,1,0,1,389884,70,-1,-1
151074,25,3,1,3,3,4,false,true,true,true,false,true,false,false,false,true,false,false,false,false,false,false,false,false,false,0,false,13.043398750409558,,,0,,,false,,0,0,0,false,"H",false,false,false,true,"",false,false,0,0,0,0,0,0,0,0,0,0,0,0,389885,70,-1,-1
151074,8,4,1,4,1,7,false,false,false,true,false,true,false,false,false,false,false,false,false,false,false,true,true,false,false,1,false,8.699946966523175,22.170548823545428,0.5,6,,,false,,0,0,0,false,"H",false,true,false,false,"",false,false,0,0,0,0,0,0,0,0,0,0,0,0,389886,70,70,-1
151585,41,1,1,1,3,1,false,true,true,true,false,false,false,false,false,true,true,false,false,false,false,false,false,false,false,0,true,50,,,0,15.862379463688814,4.6733,false,3,23.310001,975.69,1,false,"H",false,false,false,false,"",false,false,0,0,0,0,0,0,0,0,0,0,0,0,391399,156,-1,111
151585,39,2,2,1,3,1,false,true,true,false,true,false,false,false,false,true,true,false,false,false,false,false,false,false,false,0,true,50,,,0,15.873337981556318,13.214,false,3,57.832504,941.1675,1,false,"M",true,false,false,false,"work1",false,false,1,1,0,0,0,0,0,0,0,0,0,0,391400,156,-1,166
151585,9,3,2,4,1,7,false,false,false,false,true,false,false,false,false,true,true,false,false,false,false,true,true,false,false,1,false,33.35,21.863644806001822,0.5,6,,,false,,0,0,0,false,"M",true,false,false,false,"school1",false,false,1,0,0,0,0,0,0,0,0,0,0,0,391401,156,156,-1
151585,7,4,2,4,1,7,false,false,false,false,true,false,false,false,false,true,true,false,false,false,false,true,true,false,false,1,false,33.35,21.863644806315726,31.0901,98.322495,,,false,,0,0,0,false,"M",true,false,false,false,"school1",false,false,1,0,0,0,0,0,0,0,0,0,0,0,391402,156,102,-1
153909,37,1,1,1,3,1,false,true,true,true,false,false,false,false,false,false,false,false,false,false,false,false,false,false,false,0,true,3.516308212680084,,,0,15.668843099790054,8.8258,false,3,40.12,958.88,1,true,"M",true,false,false,false,"work1",false,false,1,1,0,0,0,0,0,0,0,0,0,0,398247,173,-1,105
154882,30,1,1,1,3,1,false,true,true,true,false,false,false,false,false,false,false,false,false,false,false,false,false,false,false,0,true,50,,,0,15.703918695183077,21.1804,false,3,76.792496,922.2075,1,false,"M",true,false,false,false,"work1",false,false,1,1,0,0,0,0,0,0,0,0,0,0,401776,173,-1,162
157261,30,1,1,1,3,1,false,true,true,true,false,false,false,false,false,false,false,false,false,false,false,false,false,false,false,0,true,5.752052274730153,,,0,16.1007764134387,5.4963,false,3,28.9575,970.0425,1,false,"M",true,false,false,false,"work1",false,false,1,1,0,16,1,0,0,1,0,0,0,1,407484,138,-1,150
157339,41,1,1,1,3,1,false,true,true,true,false,true,false,false,false,true,false,false,false,false,false,false,false,false,false,0,true,14.205174417731806,,,0,16.11482132901585,15.5959,false,3,52.15,946.85,1,true,"M",true,false,false,false,"work1",false,false,1,1,0,0,0,0,0,0,0,0,0,0,407729,138,-1,175
157339,54,2,2,3,3,4,false,true,true,false,true,false,false,false,false,true,true,false,false,false,false,false,false,false,false,0,false,14.205174417731806,,,0,,,false,,0,0,0,false,"H",false,false,false,false,"",false,false,0,0,0,0,0,0,0,0,0,0,0,0,407730,138,-1,-1
157339,11,3,1,4,1,7,false,false,false,true,false,true,false,false,false,false,true,false,false,false,false,true,true,false,false,1,false,9.474851336627115,21.895944579485043,20.6989,80.6775,,,false,,0,0,0,false,"M",true,false,false,false,"school1",false,false,1,0,0,0,0,0,0,0,0,0,0,0,407731,138,10,-1
161729,34,1,1,1,3,1,false,true,true,true,false,false,true,false,false,true,true,false,false,false,false,false,false,false,false,0,true,7.468480805602756,,,0,13.793254963275063,24.0342,false,3,88.9725,910.02747,1,false,"M",true,false,false,false,"work1",false,false,1,1,0,0,0,0,0,0,0,0,0,0,417465,10,-1,33
161729,34,2,2,1,3,1,false,true,true,false,true,false,true,false,false,true,true,false,false,false,false,false,false,false,false,0,true,7.468480805602756,,,0,13.809089473816204,22.4368,false,3,89.692505,909.3075,1,false,"M",true,false,false,false,"work1",false,false,1,1,0,0,0,0,0,0,0,0,0,0,417466,10,-1,109
161729,6,3,1,4,1,7,false,false,false,true,false,false,true,false,false,false,true,false,false,false,false,true,true,false,false,1,false,4.981476697337039,12.656784141661792,0.5,6,,,false,,0,0,0,false,"M",true,false,false,false,"school1",false,false,1,0,0,0,0,0,0,0,0,0,0,0,417467,10,10,-1
161729,69,4,2,3,3,5,false,true,true,false,true,false,false,false,false,true,true,false,false,false,false,false,false,false,false,0,false,7.468480805602756,,,0,,,false,,0,0,0,false,"N",true,false,false,false,"",false,false,0,0,0,24,2,0,0,1,1,0,0,2,417468,10,-1,-1
164128,42,1,2,1,3,1,false,true,true,false,true,true,false,false,false,false,false,true,false,false,false,false,false,false,false,0,true,1,,,0,13.762129121570066,13.1068,false,4,58.675,940.325,1,false,"H",false,false,false,false,"",false,false,0,0,0,0,0,0,0,0,0,0,0,0,423775,10,-1,91
164128,20,2,2,2,3,2,false,true,true,false,true,true,false,false,false,false,true,false,false,false,false,false,false,false,false,0,true,1,,,0,13.746202815192541,25.3872,false,2,88.455,910.545,1,false,"M",true,false,false,false,"work1",false,false,1,1,0,0,0,0,0,0,0,0,0,0,423776,10,-1,16
164128,44,3,2,3,3,4,false,true,true,false,true,false,false,false,false,false,true,true,false,false,false,false,false,false,false,0,false,1,,,0,,,false,,0,0,0,false,"H",false,false,false,false,"",false,false,0,0,0,0,0,0,0,0,0,0,0,0,423777,10,-1,-1
168915,38,1,1,3,3,4,false,true,true,true,false,true,false,false,false,false,false,false,false,false,false,false,false,false,false,0,false,13.930335859580127,,,0,,,false,,0,0,0,false,"H",false,false,false,false,"",false,false,0,0,0,0,0,0,0,0,0,0,0,0,436494,176,-1,-1
168915,40,2,2,3,3,4,false,true,true,false,true,true,false,false,false,false,false,false,false,false,false,false,false,false,false,0,false,13.930335859580127,,,0,,,false,,0,0,0,false,"N",true,false,false,false,"",false,false,0,0,0,16,1,0,0,1,0,0,0,1,436495,176,-1,-1
169166,55,1,2,3,3,4,false,true,true,false,true,false,false,false,true,true,false,false,false,false,false,false,false,false,false,0,false,15.139100395571308,,,0,,,false,,0,0,0,false,"N",true,false,false,false,"",false,false,0,0,0,1,1,0,0,0,0,1,0,1,436975,176,-1,-1
169166,16,2,2,3,1,6,true,true,false,false,true,true,false,false,false,true,false,false,false,false,false,true,false,true,false,2,false,10.097779963846063,21.921228427532142,0.5,6,,,false,,0,0,0,false,"N",true,false,false,false,"",false,false,0,0,0,34,2,1,0,0,0,0,1,1,436976,176,176,-1
169166,6,3,2,4,1,7,false,false,false,false,true,true,false,false,true,false,false,false,false,false,false,true,true,false,false,1,false,10.097779963846063,21.88084096519331,2.8904,20.869999,,,false,,0,0,0,false,"M",true,false,false,false,"school1",false,false,1,0,0,0,0,0,0,0,0,0,0,0,436977,176,26,-1
170490,43,1,1,2,3,2,false,true,true,true,false,false,false,false,false,false,false,true,false,false,false,false,false,false,false,0,true,25.197987755191694,,,0,14.738836302809876,11.471,false,3,44.4125,954.5875,1,false,"M",true,false,false,false,"work1",false,false,1,1,0,8,1,0,0,0,1,0,0,1,440094,180,-1,104
170490,40,2,2,2,3,2,false,true,true,false,true,false,false,false,false,false,false,true,false,false,false,false,false,false,false,0,true,25.197987755191694,,,0,14.734500472044484,0.5,false,3,6,993,1,false,"M",true,false,false,false,"work1",false,false,1,1,0,0,0,0,0,0,0,0,0,0,440095,180,-1,180
175537,54,1,2,3,3,4,false,true,true,false,true,false,true,false,false,false,false,false,false,false,false,false,false,false,false,0,false,9.093874136020995,,,0,,,false,,0,0,0,false,"N",true,false,false,false,"",false,false,0,0,1,0,0,0,0,1,0,0,0,0,454200,21,-1,-1
175537,88,2,2,3,3,5,false,true,true,false,true,true,false,false,false,false,false,false,false,false,false,false,false,false,false,0,false,9.093874136020995,,,0,,,false,,0,0,0,false,"N",true,false,false,false,"",false,false,0,0,1,0,0,0,0,0,0,0,0,0,454201,21,-1,-1
176614,25,1,1,1,3,1,false,true,true,true,false,true,false,true,false,false,false,false,false,false,false,false,false,false,false,0,true,25.479008094358456,,,0,15.137913293603447,39.7106,false,3,124.8275,874.1725,1,true,"M",true,false,false,false,"work1",false,false,1,1,0,0,0,0,0,0,0,0,0,0,457598,21,-1,9
176614,22,2,2,3,3,4,false,true,true,false,true,false,false,true,false,false,true,false,false,false,false,false,false,false,false,0,false,25.479008094358456,,,0,,,false,,0,0,0,false,"N",true,false,false,false,"",false,false,0,0,0,2,1,0,0,0,0,0,1,1,457599,21,-1,-1
176614,1,3,2,4,1,8,false,false,false,false,true,true,false,false,false,false,true,false,false,false,false,true,true,false,false,1,false,16.99449839893709,21.67252440452554,0.5,6,,,false,,0,0,0,false,"N",true,true,false,false,"",false,false,0,0,0,1,1,0,0,0,0,1,0,1,457600,21,21,-1
176974,71,1,1,3,3,5,false,true,true,true,false,false,false,false,false,false,false,false,false,false,false,false,false,false,false,0,false,27.438954591931545,,,0,,,false,,0,0,0,false,"N",true,false,false,false,"",false,false,0,0,0,21,3,0,1,1,0,1,0,3,458404,21,-1,-1
177492,42,1,2,2,3,2,false,true,true,false,true,false,false,false,false,true,false,false,false,false,false,false,false,false,false,0,true,17.085095071688826,,,0,15.943083378163822,13.5653,false,2,44.114998,954.885,1,true,"N",true,false,false,false,"",false,false,0,0,0,64,3,3,0,0,0,0,0,0,459375,1,-1,45
177492,12,2,1,4,1,7,false,false,false,true,false,false,false,false,false,true,false,true,false,false,false,true,true,false,false,1,false,11.395758412816448,21.933243598676547,0.5,6,,,false,,0,0,0,false,"M",true,false,false,false,"school1",false,false,1,0,0,1,1,0,0,0,0,1,0,1,459376,1,1,-1
177492,7,3,1,4,1,7,false,false,false,true,false,false,false,false,false,true,false,true,false,false,false,true,true,false,false,1,false,11.395758412816448,21.933243602778692,4.2958,21.0225,,,false,,0,0,0,false,"M",true,false,false,false,"school1",false,false,1,0,0,0,0,0,0,0,0,0,0,0,459377,1,2,-1
180763,41,1,1,2,3,2,false,true,true,true,false,false,false,true,false,true,false,true,false,false,false,false,false,false,false,0,true,32.42774401114853,,,0,14.373520180054792,6.6928,false,4,32.6125,966.3875,1,true,"H",false,false,false,false,"",false,false,0,0,0,0,0,0,0,0,0,0,0,0,468655,177,-1,130
180763,30,2,2,2,3,2,false,true,true,false,true,false,false,true,false,true,false,true,false,false,false,false,false,false,false,0,true,32.42774401114853,,,0,14.374363918631605,35.7245,false,3,101.759995,897.24,1,true,"M",true,false,false,false,"work1",false,false,1,1,0,16,1,0,0,1,0,0,0,1,468656,177,-1,33
180763,12,3,1,4,1,7,false,false,false,true,false,false,false,true,false,true,false,true,false,false,false,true,true,false,false,1,false,21.629305255436073,13.274537287201568,0.5,6,,,false,,0,0,0,false,"M",true,false,false,false,"school1",false,false,1,0,0,32,1,1,0,0,0,0,0,0,468657,177,177,-1
180763,9,4,2,4,1,7,false,false,false,false,true,false,false,true,false,true,false,true,false,false,false,true,true,false,false,1,false,21.629305255436073,13.272027399504205,6.6928,32.6125,,,false,,0,0,0,false,"M",true,false,false,false,"school1",false,false,1,0,0,0,0,0,0,0,0,0,0,0,468658,177,130,-1
180763,3,5,1,4,1,8,false,false,false,true,false,false,false,false,false,true,false,true,false,false,false,true,true,false,false,1,false,21.629305255436073,13.2622331231787,19.4431,60.434998,,,false,,0,0,0,false,"M",true,false,false,false,"school1",false,false,1,0,0,32,1,1,0,0,0,0,0,0,468659,177,51,-1
