"person_id","tour_type","tour_type_count","tour_type_num","tour_num","tour_count","tour_category","number_of_participants","household_id","tdd","start","end","duration","composition","destination_logsum","tour_mode","mode_choice_logsum","atwork_subtour_frequency","parent_tour_id","stop_frequency","primary_purpose","tour_id","origin","destination"
9886,"work",1,1,1,1,"mandatory",1,3013,46,7,16,9,"",,"WALK",0.1942690352073454,"no_subtours",,"0out_0in","work",405365,86,62
17675,"work",1,1,1,1,"mandatory",1,5547,171,18,20,2,"",,"WALK",0.1763478165758911,"no_subtours",,"0out_0in","work",724714,7,37
17676,"work",1,1,1,1,"mandatory",1,5547,48,7,18,11,"",,"SHARED3FREE",0.3148423922862688,"no_subtours",,"0out_0in","work",724755,7,112
17677,"work",1,1,1,1,"mandatory",1,5547,48,7,18,11,"",,"WALK",0.10805399928154419,"no_subtours",,"0out_1in","work",724796,7,68
17678,"work",1,1,1,1,"mandatory",1,5547,66,8,20,12,"",,"WALK",0.31854808660570977,"no_subtours",,"0out_0in","work",724837,7,145
26414,"work",2,1,1,2,"mandatory",1,8979,61,8,15,7,"",,"WALK",-0.07994864669074425,"no_subtours",,"0out_0in","work",1083013,34,92
26414,"work",2,2,2,2,"mandatory",1,8979,165,17,20,3,"",,"WALK",-0.0793452191010789,"no_subtours",,"0out_0in","work",1083014,34,92
26415,"work",1,1,1,1,"mandatory",1,8979,35,6,22,16,"",,"WALK",-0.07840110059076776,"eat",,"0out_0in","work",1083054,34,22
26416,"school",1,1,1,1,"mandatory",1,8979,127,13,16,3,"",,"WALK",1.0539505439616978,"",,"0out_0in","univ",1083087,34,34
44898,"work",1,1,1,1,"mandatory",1,15483,47,7,17,10,"",,"WALK",2.3445980685498142,"no_subtours",,"0out_0in","work",1840857,114,52
44899,"work",1,1,1,1,"mandatory",1,15483,62,8,16,8,"",,"WALK",2.3832069681727885,"no_subtours",,"0out_0in","work",1840898,114,51
50026,"work",1,1,1,1,"mandatory",1,17367,51,7,21,14,"",,"WALK",-0.04351348621255349,"no_subtours",,"0out_0in","work",2051105,22,16
50028,"school",1,1,1,1,"mandatory",1,17367,79,9,18,9,"",,"WALK",0.3694630846805422,"",,"0out_0in","school",2051179,22,140
50029,"school",1,1,1,1,"mandatory",1,17367,76,9,15,6,"",,"SHARED3FREE",0.49388570364865364,"",,"2out_0in","school",2051220,22,22
51452,"work",1,1,1,1,"mandatory",1,17826,48,7,18,11,"",,"WALK",-0.006875890858466629,"eat",,"0out_0in","work",2109571,22,45
51453,"work",1,1,1,1,"mandatory",1,17826,32,6,19,13,"",,"WALK",0.010057457535838813,"no_subtours",,"0out_0in","work",2109612,22,126
51454,"school",1,1,1,1,"mandatory",1,17826,48,7,18,11,"",,"WALK",0.38221732752736787,"",,"0out_0in","school",2109645,22,129
79592,"work",1,1,1,1,"mandatory",1,30170,69,8,23,15,"",,"WALK",0.11304358321985875,"eat",,"1out_1in","work",3263311,30,71
81697,"work",1,1,1,1,"mandatory",1,31107,63,8,17,9,"",,"WALK",2.2966301259059545,"business1",,"0out_0in","work",3349616,30,69
81698,"work",1,1,1,1,"mandatory",1,31107,23,6,10,4,"",,"WALK",2.3808942135347175,"no_subtours",,"0out_0in","work",3349657,30,29
81699,"work",1,1,1,1,"mandatory",1,31107,64,8,18,10,"",,"WALK",2.3203166506607533,"no_subtours",,"1out_0in","work",3349698,30,180
81701,"school",1,1,1,1,"mandatory",1,31107,40,7,10,3,"",,"WALK",3.103723177440102,"",,"0out_0in","school",3349772,30,30
81702,"school",1,1,1,1,"mandatory",1,31107,77,9,16,7,"",,"WALK",3.0598846956550774,"",,"0out_0in","school",3349813,30,162
81703,"school",1,1,1,1,"mandatory",1,31107,79,9,18,9,"",,"WALK",3.0203084909706317,"",,"0out_0in","school",3349854,30,82
84470,"work",1,1,1,1,"mandatory",1,32001,34,6,21,15,"",,"WALK",0.3885407835453445,"no_subtours",,"0out_0in","work",3463309,18,6
90311,"work",1,1,1,1,"mandatory",1,33924,34,6,21,15,"",,"WALK",2.4317049023848916,"no_subtours",,"0out_0in","work",3702790,57,114
92600,"work",1,1,1,1,"mandatory",1,35103,107,11,19,8,"",,"WALK",0.4332279068575227,"eat",,"0out_0in","work",3796639,26,176
99409,"work",1,1,1,1,"mandatory",1,38054,48,7,18,11,"",,"WALK",0.14960028770928482,"no_subtours",,"0out_0in","work",4075808,154,140
99410,"work",1,1,1,1,"mandatory",1,38054,80,9,19,10,"",,"WALK",0.15091022611654306,"no_subtours",,"0out_0in","work",4075849,154,140
101576,"work",1,1,1,1,"mandatory",1,39109,48,7,18,11,"",,"WALK",0.22972413158911067,"eat",,"0out_0in","work",4164655,125,11
102171,"work",1,1,1,1,"mandatory",1,39372,66,8,20,12,"",,"WALK",2.260397624906385,"no_subtours",,"0out_3in","work",4189050,125,45
102172,"work",1,1,1,1,"mandatory",1,39372,165,17,20,3,"",,"WALK",2.3893885179118484,"no_subtours",,"0out_0in","work",4189091,125,125
102173,"school",1,1,1,1,"mandatory",1,39372,45,7,15,8,"",,"WALK",3.0322742022779305,"",,"0out_0in","school",4189124,125,125
104421,"work",1,1,1,1,"mandatory",1,40156,148,15,18,3,"",,"BIKE",-0.06249476429599876,"no_subtours",,"0out_0in","work",4281300,125,102
104422,"work",1,1,1,1,"mandatory",1,40156,77,9,16,7,"",,"WALK",-0.06196852688369056,"no_subtours",,"0out_0in","work",4281341,125,141
114238,"work",1,1,1,1,"mandatory",1,43148,30,6,17,11,"",,"WALK",-0.018839899058336225,"no_subtours",,"0out_0in","work",4683797,109,22
114239,"work",1,1,1,1,"mandatory",1,43148,79,9,18,9,"",,"WALK",0.5716027740987893,"no_subtours",,"0out_0in","work",4683838,109,109
114240,"school",1,1,1,1,"mandatory",1,43148,64,8,18,10,"",,"WALK",0.5210225398200539,"",,"0out_0in","school",4683871,109,109
114241,"school",1,1,1,1,"mandatory",1,43148,43,7,13,6,"",,"SHARED3FREE",0.5357583438815139,"",,"0out_0in","school",4683912,109,109
120052,"work",1,1,1,1,"mandatory",1,45653,64,8,18,10,"",,"WALK",-0.05319529062311612,"no_subtours",,"0out_0in","work",4922171,109,14
120864,"work",1,1,1,1,"mandatory",1,45976,11,5,16,11,"",,"BIKE",0.025980594790504047,"no_subtours",,"0out_1in","work",4955463,20,162
122808,"work",1,1,1,1,"mandatory",1,46746,9,5,14,9,"",,"WALK",-0.03857619300328481,"no_subtours",,"1out_0in","work",5035167,121,72
122810,"school",1,1,1,1,"mandatory",1,46746,46,7,16,9,"",,"WALK",0.5145958866979072,"",,"0out_0in","school",5035241,121,121
122811,"school",1,1,1,1,"mandatory",1,46746,47,7,17,10,"",,"WALK",0.3348083616771812,"",,"0out_1in","school",5035282,121,26
130013,"work",1,1,1,1,"mandatory",1,49407,63,8,17,9,"",,"WALK",2.403966950034363,"no_subtours",,"0out_0in","work",5330572,158,158
130014,"work",1,1,1,1,"mandatory",1,49407,107,11,19,8,"",,"WALK",2.311588535529237,"no_subtours",,"0out_0in","work",5330613,158,39
130015,"school",1,1,1,1,"mandatory",1,49407,61,8,15,7,"",,"WALK",3.049582483333412,"",,"0out_0in","school",5330646,158,14
130016,"work",1,1,1,1,"mandatory",1,49407,63,8,17,9,"",,"WALK",2.325115202659868,"eat",,"2out_1in","work",5330695,158,18
130018,"school",1,1,1,1,"mandatory",1,49407,44,7,14,7,"",,"WALK",4.500114278429107,"",,"0out_0in","univ",5330769,158,158
130019,"school",1,1,1,1,"mandatory",1,49407,37,7,7,0,"",,"WALK",4.486166396841206,"",,"0out_0in","univ",5330810,158,158
130020,"school",1,1,1,1,"mandatory",1,49407,64,8,18,10,"",,"WALK",3.0143222106517626,"",,"0out_0in","school",5330851,158,80
130023,"work",1,1,1,1,"mandatory",1,49407,47,7,17,10,"",,"WALK",2.3199467867098638,"no_subtours",,"0out_0in","work",5330982,158,106
131829,"work",1,1,1,1,"mandatory",1,50052,27,6,14,8,"",,"WALK",0.05513295499514811,"eat",,"0out_0in","work",5405028,62,77
131831,"work",1,1,1,1,"mandatory",1,50052,52,7,22,15,"",,"WALK",0.07155485239108836,"eat",,"0out_0in","work",5405110,62,48
132192,"work",1,1,1,1,"mandatory",1,50166,150,15,20,5,"",,"WALK",0.5517602036654986,"no_subtours",,"0out_0in","work",5419911,62,158
132194,"work",1,1,1,1,"mandatory",1,50166,80,9,19,10,"",,"WALK",0.26768663715890106,"no_subtours",,"0out_1in","work",5419993,62,18
141592,"school",1,1,1,1,"mandatory",1,54153,25,6,12,6,"",,"WALK",0.4361107376651632,"",,"0out_0in","school",5805303,152,166
142682,"work",1,1,1,1,"mandatory",1,54544,45,7,15,8,"",,"WALK",2.303725252101391,"no_subtours",,"0out_0in","work",5850001,152,16
142683,"work",1,1,1,1,"mandatory",1,54544,13,5,18,13,"",,"WALK",2.3157539908680933,"no_subtours",,"0out_0in","work",5850042,152,19
143324,"work",1,1,1,1,"mandatory",1,54803,133,13,22,9,"",,"WALK",0.5503606879704053,"no_subtours",,"0out_0in","work",5876323,52,54
143325,"school",1,1,1,1,"mandatory",1,54803,63,8,17,9,"",,"WALK",0.5219771569783743,"",,"0out_1in","school",5876356,52,102
144339,"work",1,1,1,1,"mandatory",1,55108,121,12,21,9,"",,"WALK",2.3513487589611346,"no_subtours",,"0out_0in","work",5917938,94,128
144340,"work",1,1,1,1,"mandatory",1,55108,45,7,15,8,"",,"WALK",2.351680036400536,"no_subtours",,"0out_0in","work",5917979,94,103
151258,"work",1,1,1,1,"mandatory",1,57231,65,8,19,11,"",,"WALK",2.3689598648299603,"no_subtours",,"0out_0in","work",6201617,72,149
151259,"work",1,1,1,1,"mandatory",1,57231,51,7,21,14,"",,"WALK",2.387059624176712,"no_subtours",,"0out_0in","work",6201658,72,6
151261,"work",1,1,1,1,"mandatory",1,57231,48,7,18,11,"",,"WALK",2.381863485290602,"eat",,"0out_0in","work",6201740,72,114
155336,"work",1,1,1,1,"mandatory",1,58876,65,8,19,11,"",,"WALK",2.3813650047064785,"no_subtours",,"0out_0in","work",6368815,6,119
155338,"work",1,1,1,1,"mandatory",1,58876,62,8,16,8,"",,"WALK",2.336914647277949,"no_subtours",,"0out_0in","work",6368897,6,145
155339,"work",1,1,1,1,"mandatory",1,58876,48,7,18,11,"",,"WALK",2.3471675701955994,"no_subtours",,"0out_0in","work",6368938,6,51
162846,"work",1,1,1,1,"mandatory",1,62109,178,19,22,3,"",,"SHARED2FREE",0.4698872094724623,"no_subtours",,"1out_0in","work",6676725,147,15
162847,"school",1,1,1,1,"mandatory",1,62109,172,18,21,3,"",,"WALK",0.47113420213982204,"",,"0out_0in","school",6676758,147,132
169592,"work",1,1,1,1,"mandatory",1,64114,13,5,18,13,"",,"WALK",0.025990747834462227,"no_subtours",,"0out_0in","work",6953311,165,22
169594,"work",1,1,1,1,"mandatory",1,64114,12,5,17,12,"",,"DRIVEALONEFREE",0.15591544805199645,"eat",,"0out_1in","work",6953393,165,162
169595,"work",2,1,1,2,"mandatory",1,64114,26,6,13,7,"",,"WALK",0.6382953421974434,"no_subtours",,"0out_0in","work",6953434,165,165
169595,"work",2,2,2,2,"mandatory",1,64114,131,13,20,7,"",,"DRIVEALONEFREE",0.6547119831843188,"no_subtours",,"0out_0in","work",6953435,165,165
169597,"school",1,1,1,1,"mandatory",1,64114,47,7,17,10,"",,"WALK",0.5490795705680012,"",,"0out_0in","school",6953508,165,165
169917,"work",1,1,1,1,"mandatory",1,64207,63,8,17,9,"",,"WALK",2.2861851528087236,"eat",,"0out_0in","work",6966636,115,90
169918,"work",1,1,1,1,"mandatory",1,64207,94,10,19,9,"",,"WALK",2.327357838282939,"eat",,"1out_1in","work",6966677,115,7
169919,"school",1,1,1,1,"mandatory",1,64207,61,8,15,7,"",,"WALK",3.0075971896239775,"",,"0out_0in","school",6966710,115,43
169920,"school",1,1,1,1,"mandatory",1,64207,64,8,18,10,"",,"WALK",2.9931354513781963,"",,"0out_0in","school",6966751,115,129
171652,"work",1,1,1,1,"mandatory",1,64668,63,8,17,9,"",,"WALK",0.025360743742951317,"no_subtours",,"0out_0in","work",7037771,59,149
171654,"school",2,1,1,2,"mandatory",1,64668,114,12,14,2,"",,"WALK",0.36866458047607065,"",,"0out_0in","school",7037845,59,120
171654,"school",2,2,2,2,"mandatory",1,64668,157,16,19,3,"",,"WALK",0.35769570287582797,"",,"0out_2in","school",7037846,59,120
178462,"work",1,1,1,1,"mandatory",1,66935,47,7,17,10,"",,"WALK",-0.004476507565774024,"eat",,"0out_0in","work",7316981,107,14
190458,"work",1,1,1,1,"mandatory",1,73174,183,20,23,3,"",,"WALK",2.3449464850312087,"no_subtours",,"0out_0in","work",7808817,135,72
190460,"school",1,1,1,1,"mandatory",1,73174,158,16,20,4,"",,"WALK",3.0687245412688613,"",,"0out_0in","school",7808891,135,135
190461,"school",1,1,1,1,"mandatory",1,73174,43,7,13,6,"",,"WALK",3.0659338902109114,"",,"0out_0in","school",7808932,135,135
190463,"work",1,1,1,1,"mandatory",1,73174,64,8,18,10,"",,"WALK",2.2801878771652015,"no_subtours",,"0out_0in","work",7809022,135,89
190464,"work",1,1,1,1,"mandatory",1,73174,50,7,20,13,"",,"WALK",2.296827616819317,"no_subtours",,"0out_0in","work",7809063,135,98
197348,"work",1,1,1,1,"mandatory",1,75390,30,6,17,11,"",,"WALK",0.19129454364207585,"no_subtours",,"0out_0in","work",8091307,113,62
197349,"work",1,1,1,1,"mandatory",1,75390,48,7,18,11,"",,"WALK",0.0704916847159491,"no_subtours",,"0out_0in","work",8091348,113,33
197350,"school",1,1,1,1,"mandatory",1,75390,42,7,12,5,"",,"WALK",0.5071413530960343,"",,"0out_0in","school",8091381,113,163
199600,"school",1,1,1,1,"mandatory",1,76239,78,9,17,8,"",,"WALK",0.45780611533487847,"",,"0out_0in","school",8183631,163,17
199601,"school",1,1,1,1,"mandatory",1,76239,61,8,15,7,"",,"WALK",0.4057699787362275,"",,"0out_0in","school",8183672,163,30
237763,"work",1,1,1,1,"mandatory",1,92113,13,5,18,13,"",,"WALK",0.14914711436468434,"eat",,"0out_0in","work",9748322,19,82
242185,"work",1,1,1,1,"mandatory",1,93764,78,9,17,8,"",,"WALK",0.10419485865028402,"no_subtours",,"0out_0in","work",9929624,140,150
242187,"school",1,1,1,1,"mandatory",1,93764,45,7,15,8,"",,"DRIVEALONEFREE",0.5628069032098952,"",,"0out_0in","school",9929698,140,140
242188,"school",1,1,1,1,"mandatory",1,93764,45,7,15,8,"",,"WALK",0.5340130880208126,"",,"0out_0in","school",9929739,140,140
242189,"school",1,1,1,1,"mandatory",1,93764,45,7,15,8,"",,"WALK",0.38487650999573236,"",,"0out_0in","school",9929780,140,152
254221,"work",1,1,1,1,"mandatory",1,98526,63,8,17,9,"",,"WALK",2.4166740887559834,"eat",,"0out_0in","work",10423100,53,14
254223,"work",1,1,1,1,"mandatory",1,98526,81,9,20,11,"",,"WALK",2.382017597269851,"no_subtours",,"0out_0in","work",10423182,53,6
258717,"work",1,1,1,1,"mandatory",1,100239,134,13,23,10,"",,"WALK",2.392024801165791,"no_subtours",,"0out_0in","work",10607436,89,89
258718,"work",1,1,1,1,"mandatory",1,100239,48,7,18,11,"",,"WALK",2.332382337924472,"maint",,"0out_0in","work",10607477,89,19
259062,"work",1,1,1,1,"mandatory",1,100331,68,8,22,14,"",,"SHARED2FREE",0.29487891751739004,"eat",,"0out_1in","work",10621581,89,166
259064,"school",1,1,1,1,"mandatory",1,100331,62,8,16,8,"",,"WALK",0.4786281309994604,"",,"0out_0in","school",10621655,89,102
259065,"school",2,1,1,2,"mandatory",1,100331,42,7,12,5,"",,"WALK",0.5991567908533498,"",,"0out_0in","school",10621696,89,89
259065,"school",2,2,2,2,"mandatory",1,100331,124,13,13,0,"",,"WALK",0.6253208359571888,"",,"0out_0in","school",10621697,89,89
269233,"work",1,1,1,1,"mandatory",1,104810,29,6,16,10,"",,"SHARED3FREE",0.21116532847095107,"no_subtours",,"0out_0in","work",11038592,157,141
276796,"school",1,1,1,1,"mandatory",1,108050,54,8,8,0,"",,"WALK",3.0444234869532742,"",,"0out_0in","school",11348667,157,76
276797,"school",1,1,1,1,"mandatory",1,108050,47,7,17,10,"",,"WALK",3.0810596003701374,"",,"0out_0in","school",11348708,157,157
276801,"work",1,1,1,1,"mandatory",1,108050,29,6,16,10,"",,"WALK",2.3276701537803386,"no_subtours",,"1out_1in","work",11348880,157,19
276802,"work",1,1,1,1,"mandatory",1,108050,30,6,17,11,"",,"WALK",2.337903301940966,"no_subtours",,"0out_0in","work",11348921,157,35
287724,"work",1,1,1,1,"mandatory",1,112678,174,18,23,5,"",,"WALK",0.6280036221111631,"no_subtours",,"0out_0in","work",11796723,25,25
287725,"work",1,1,1,1,"mandatory",1,112678,64,8,18,10,"",,"WALK",-0.0392056114745228,"eat",,"0out_0in","work",11796764,25,10
292869,"work",1,1,1,1,"mandatory",1,114484,23,6,10,4,"",,"SHARED2FREE",0.12931475046480334,"no_subtours",,"0out_0in","work",12007668,146,16
299099,"work",1,1,1,1,"mandatory",1,116719,47,7,17,10,"",,"WALK",0.06858567206014007,"no_subtours",,"0out_0in","work",12263098,146,43
299101,"school",1,1,1,1,"mandatory",1,116719,66,8,20,12,"",,"WALK",0.5569667556411316,"",,"0out_1in","school",12263172,146,146
299102,"school",1,1,1,1,"mandatory",1,116719,28,6,15,9,"",,"WALK",0.5566142400305283,"",,"0out_0in","school",12263213,146,146
300616,"work",1,1,1,1,"mandatory",1,117405,29,6,16,10,"",,"WALK",-0.051429509451500766,"no_subtours",,"0out_0in","work",12325295,146,85
304215,"work",1,1,1,1,"mandatory",1,118555,64,8,18,10,"",,"WALK",2.3141480535058765,"no_subtours",,"0out_0in","work",12472854,92,105
305760,"work",1,1,1,1,"mandatory",1,119141,46,7,16,9,"",,"WALK",0.3042865230855651,"business1",,"0out_0in","work",12536199,92,176
317241,"work",1,1,1,1,"mandatory",1,122807,133,13,22,9,"",,"DRIVEALONEFREE",0.1511351601589027,"eat",,"1out_1in","work",13006920,37,112
317242,"work",1,1,1,1,"mandatory",1,122807,108,11,20,9,"",,"DRIVEALONEFREE",0.3510858631955484,"no_subtours",,"0out_1in","work",13006961,37,136
317243,"school",1,1,1,1,"mandatory",1,122807,40,7,10,3,"",,"WALK",0.44968341165875547,"",,"0out_0in","school",13006994,37,54
322828,"work",1,1,1,1,"mandatory",1,124464,109,11,21,10,"",,"SHARED3FREE",2.340561035725542,"no_subtours",,"0out_0in","work",13235987,160,54
322829,"work",1,1,1,1,"mandatory",1,124464,69,8,23,15,"",,"WALK",2.28170158602959,"no_subtours",,"0out_0in","work",13236028,160,85
322831,"work",1,1,1,1,"mandatory",1,124464,64,8,18,10,"",,"WALK",2.2913898446156815,"no_subtours",,"0out_0in","work",13236110,160,39
325706,"work",1,1,1,1,"mandatory",1,125467,10,5,15,10,"",,"WALK",2.3367002108434343,"eat",,"2out_1in","work",13353985,160,54
325707,"work",1,1,1,1,"mandatory",1,125467,65,8,19,11,"",,"WALK",2.267245986824829,"no_subtours",,"0out_0in","work",13354026,160,68
325708,"work",1,1,1,1,"mandatory",1,125467,47,7,17,10,"",,"WALK",2.281963597503817,"business1",,"0out_0in","work",13354067,160,103
327603,"work",1,1,1,1,"mandatory",1,126016,64,8,18,10,"",,"WALK",0.02963153271438493,"no_subtours",,"0out_0in","work",13431762,48,33
327605,"school",1,1,1,1,"mandatory",1,126016,132,13,21,8,"",,"WALK",0.5433301371266159,"",,"0out_0in","school",13431836,48,48
327606,"school",1,1,1,1,"mandatory",1,126016,40,7,10,3,"",,"WALK",0.5534996378053078,"",,"0out_0in","school",13431877,48,48
332561,"work",1,1,1,1,"mandatory",1,127462,51,7,21,14,"",,"BIKE",0.09917079286194712,"no_subtours",,"0out_0in","work",13635040,48,111
332563,"school",1,1,1,1,"mandatory",1,127462,46,7,16,9,"",,"WALK",0.5515385747212828,"",,"1out_0in","school",13635114,48,48
332779,"work",1,1,1,1,"mandatory",1,127524,94,10,19,9,"",,"WALK",0.6113453578045062,"no_subtours",,"2out_1in","work",13643978,78,78
340616,"work",1,1,1,1,"mandatory",1,130727,47,7,17,10,"",,"BIKE",0.12659642360176995,"eat",,"0out_0in","work",13965295,58,68
341377,"work",1,1,1,1,"mandatory",1,131256,67,8,21,13,"",,"DRIVEALONEFREE",0.13821689598420034,"eat",,"1out_1in","work",13996496,74,151
348568,"work",1,1,1,1,"mandatory",1,134198,57,8,11,3,"",,"DRIVEALONEFREE",0.3283765477708081,"no_subtours",,"0out_1in","work",14291327,129,157
350935,"work",1,1,1,1,"mandatory",1,134902,64,8,18,10,"",,"DRIVEALONEFREE",0.20925689147983595,"no_subtours",,"0out_0in","work",14388374,142,19
362197,"work",1,1,1,1,"mandatory",1,140931,9,5,14,9,"",,"WALK",0.12421958323969533,"eat",,"0out_0in","work",14850116,38,176
362561,"work",1,1,1,1,"mandatory",1,141038,108,11,20,9,"",,"DRIVEALONEFREE",0.3199226251865013,"no_subtours",,"0out_2in","work",14865040,39,178
372070,"work",1,1,1,1,"mandatory",1,144182,34,6,21,15,"",,"WALK",0.0631439158509443,"no_subtours",,"0out_0in","work",15254909,90,103
372072,"school",2,1,1,2,"mandatory",1,144182,40,7,10,3,"",,"SHARED3FREE",0.5532193443831038,"",,"0out_0in","school",15254983,90,90
372072,"school",2,2,2,2,"mandatory",1,144182,150,15,20,5,"",,"WALK",0.5591185747690468,"",,"0out_1in","school",15254984,90,90
373028,"school",1,1,1,1,"mandatory",1,144552,62,8,16,8,"",,"WALK",0.42588495180685326,"",,"0out_0in","school",15294179,90,90
382346,"work",1,1,1,1,"mandatory",1,148381,166,17,21,4,"",,"BIKE",-0.04431453220039014,"no_subtours",,"0out_0in","work",15676225,91,108
382347,"work",1,1,1,1,"mandatory",1,148381,155,16,17,1,"",,"WALK",0.1456342578162786,"no_subtours",,"0out_0in","work",15676266,91,10
391400,"work",1,1,1,1,"mandatory",1,151585,64,8,18,10,"",,"WALK",2.295591545112856,"no_subtours",,"0out_0in","work",16047439,156,166
391401,"school",1,1,1,1,"mandatory",1,151585,58,8,12,4,"",,"WALK",3.0624366683728463,"",,"0out_0in","school",16047472,156,156
391402,"school",1,1,1,1,"mandatory",1,151585,104,11,16,5,"",,"WALK",2.964733056292487,"",,"0out_0in","school",16047513,156,102
398247,"work",1,1,1,1,"mandatory",1,153909,132,13,21,8,"",,"SHARED2FREE",0.17631891793438917,"no_subtours",,"0out_0in","work",16328166,173,105
401776,"work",1,1,1,1,"mandatory",1,154882,109,11,21,10,"",,"WALK",0.22143937145343853,"no_subtours",,"0out_0in","work",16472855,173,162
407484,"work",1,1,1,1,"mandatory",1,157261,47,7,17,10,"",,"WALK",0.2359787938120252,"no_subtours",,"0out_0in","work",16706883,138,150
407729,"work",1,1,1,1,"mandatory",1,157339,44,7,14,7,"",,"WALK",0.23378722074741243,"no_subtours",,"0out_0in","work",16716928,138,175
407731,"school",1,1,1,1,"mandatory",1,157339,62,8,16,8,"",,"WALK",0.40035422269785775,"",,"0out_0in","school",16717002,138,10
417465,"work",1,1,1,1,"mandatory",1,161729,29,6,16,10,"",,"WALK",2.2615203270815822,"no_subtours",,"0out_0in","work",17116104,10,33
417466,"work",1,1,1,1,"mandatory",1,161729,63,8,17,9,"",,"WALK",2.2617333711489787,"eat",,"0out_0in","work",17116145,10,109
417467,"school",1,1,1,1,"mandatory",1,161729,27,6,14,8,"",,"WALK",3.0336118282261655,"",,"0out_0in","school",17116178,10,10
423776,"work",1,1,1,1,"mandatory",1,164128,64,8,18,10,"",,"WALK",2.253963128483715,"no_subtours",,"0out_0in","work",17374855,10,16
436977,"school",1,1,1,1,"mandatory",1,169166,61,8,15,7,"",,"WALK",0.5119399257011046,"",,"0out_0in","school",17916088,176,26
440094,"work",1,1,1,1,"mandatory",1,170490,28,6,15,9,"",,"WALK",2.3199005245222315,"no_subtours",,"0out_0in","work",18043893,180,104
440095,"work",1,1,1,1,"mandatory",1,170490,30,6,17,11,"",,"WALK",2.4023494414491124,"no_subtours",,"0out_0in","work",18043934,180,180
457598,"work",1,1,1,1,"mandatory",1,176614,67,8,21,13,"",,"WALK",0.005150667020084968,"no_subtours",,"0out_1in","work",18761557,21,9
459376,"school",1,1,1,1,"mandatory",1,177492,44,7,14,7,"",,"BIKE",0.5598230867834503,"",,"0out_0in","school",18834447,1,1
459377,"school",1,1,1,1,"mandatory",1,177492,45,7,15,8,"",,"WALK",0.4789000075532164,"",,"0out_0in","school",18834488,1,2
468656,"work",1,1,1,1,"mandatory",1,180763,30,6,17,11,"",,"WALK",0.01538744573963796,"no_subtours",,"0out_0in","work",19214935,177,33
468657,"school",1,1,1,1,"mandatory",1,180763,41,7,11,4,"",,"WALK",0.5632406187349227,"",,"0out_0in","school",19214968,177,177
468658,"school",1,1,1,1,"mandatory",1,180763,63,8,17,9,"",,"WALK",0.4111148250318519,"",,"0out_0in","school",19215009,177,130
468659,"school",1,1,1,1,"mandatory",1,180763,142,14,21,7,"",,"WALK",0.37774527855919465,"",,"0out_1in","school",19215050,177,51
269232,"social",1,1,1,1,"joint",2,104810,156,16,18,2,"adults",14.791585235703588,"WALK",-3.049219036843546,"",,"0out_0in","social",11038533,157,22
169917,"othdiscr",1,1,1,1,"joint",4,64207,54,8,8,0,"mixed",15.776055747848396,"WALK",-2.0522654221800476,"",,"0out_0in","othdiscr",6966612,115,107
41281,"shopping",1,1,1,1,"joint",3,13594,88,10,13,3,"mixed",15.119678681274934,"WALK",-3.1817323091018728,"",,"0out_0in","shopping",1692540,145,136
454200,"shopping",1,1,1,1,"joint",2,175537,137,14,16,2,"adults",12.849991166036293,"SHARED2FREE",-1.4883376836191464,"",,"0out_1in","shopping",18622219,21,21
327603,"othmaint",1,1,1,1,"joint",4,126016,37,7,7,0,"mixed",14.145567176550372,"WALK",-2.9953765264464587,"",,"0out_1in","othmaint",13431740,48,48
341377,"shopping",1,1,1,1,"joint",3,131256,54,8,8,0,"mixed",14.558949409537632,"WALK",-3.2319939777342186,"",,"0out_0in","shopping",13996476,74,30
131829,"eatout",1,1,1,1,"joint",2,50052,19,6,6,0,"adults",15.114840487076636,"WALK",-3.251009926499079,"",,"0out_0in","eatout",5405002,62,25
42190,"othmaint",1,1,1,1,"joint",2,14296,101,11,13,2,"adults",15.383542186665862,"WALK",-2.0485951872869532,"",,"0out_0in","othmaint",1729807,128,64
9888,"social",1,1,1,1,"non_mandatory",1,3013,72,9,11,2,"",15.191165446390553,"WALK",1.637016346351624,"",,"0out_0in","social",405444,86,45
15506,"eatout",1,1,1,1,"non_mandatory",1,4803,157,16,19,3,"",15.090038502885388,"WALK",1.3869037133503275,"",,"0out_0in","eatout",635752,116,5
15507,"shopping",1,1,1,2,"non_mandatory",1,4803,58,8,12,4,"",14.866438808889077,"WALK",0.508559480991201,"",,"0out_0in","shopping",635820,116,16
15507,"social",1,1,2,2,"non_mandatory",1,4803,156,16,18,2,"",15.115159806070462,"WALK",1.497940473931985,"",,"0out_0in","social",635823,116,136
15508,"shopping",1,1,1,1,"non_mandatory",1,4803,100,11,12,1,"",14.882486784118385,"WALK",0.5735251096517691,"",,"0out_0in","shopping",635861,116,19
15510,"escort",1,1,1,1,"non_mandatory",1,4803,55,8,9,1,"",13.298497867813232,"WALK",-0.7826212459770541,"",,"0out_0in","escort",635919,116,47
17677,"escort",1,1,1,1,"non_mandatory",1,5547,169,18,18,0,"",13.271780249169943,"TNC_SINGLE",-0.6655917896627969,"",,"0out_0in","escort",724766,7,89
41281,"othdiscr",1,1,1,1,"non_mandatory",1,13594,165,17,20,3,"",15.795211578422537,"WALK",1.3540568142575855,"",,"0out_0in","othdiscr",1692546,145,128
42190,"shopping",1,1,1,1,"non_mandatory",1,14296,137,14,16,2,"",15.161170086186726,"DRIVEALONEFREE",0.8177193354303591,"",,"0out_0in","shopping",1729823,128,14
44898,"othmaint",1,1,1,1,"non_mandatory",1,15483,175,19,19,0,"",15.683945615059375,"WALK",1.2630277777763732,"",,"0out_0in","othmaint",1840846,114,1
50027,"escort",2,1,1,2,"non_mandatory",1,17367,145,15,15,0,"",13.05345335542641,"SHARED2FREE",-0.4371547234164142,"",,"0out_0in","escort",2051116,22,22
50027,"escort",2,2,2,2,"non_mandatory",1,17367,163,17,18,1,"",13.140470017754394,"WALK",-0.4740083645657269,"",,"0out_3in","escort",2051117,22,22
50029,"othdiscr",1,1,1,1,"non_mandatory",1,17367,157,16,19,3,"",15.131214043850491,"SHARED3FREE",1.506411178151667,"",,"0out_0in","othdiscr",2051214,22,22
51454,"othdiscr",1,1,1,1,"non_mandatory",1,17826,171,18,20,2,"",15.091216767289898,"WALK",1.3526428660406264,"",,"0out_0in","othdiscr",2109639,22,22
51455,"escort",1,1,1,2,"non_mandatory",1,17826,102,11,14,3,"",13.344402739243103,"SHARED2FREE",0.42266628462549094,"",,"0out_0in","escort",2109664,22,22
51455,"othmaint",1,1,2,2,"non_mandatory",1,17826,152,15,22,7,"",14.415214273622098,"WALK",0.6629658374794445,"",,"0out_0in","othmaint",2109683,22,48
51456,"othdiscr",1,1,1,1,"non_mandatory",1,17826,97,10,22,12,"",15.137070303316879,"WALK",1.1806963269224984,"",,"0out_0in","othdiscr",2109721,22,32
79591,"othmaint",1,1,1,2,"non_mandatory",1,30170,118,12,18,6,"",15.074093852793297,"WALK",0.8780721071987023,"",,"0out_0in","othmaint",3263259,30,30
79591,"othdiscr",1,1,2,2,"non_mandatory",1,30170,72,9,11,2,"",15.617240431035507,"WALK",1.1660876360113637,"",,"0out_0in","othdiscr",3263256,30,40
81698,"shopping",1,1,1,1,"non_mandatory",1,31107,154,16,16,0,"",15.840623167225596,"WALK",2.1115006474954003,"",,"0out_0in","shopping",3349651,30,122
81703,"eatout",1,1,1,1,"non_mandatory",1,31107,184,21,21,0,"",16.27967363104757,"WALK",3.1259668421439124,"",,"0out_0in","eatout",3349829,30,158
84471,"escort",2,1,1,4,"non_mandatory",1,32001,0,5,5,0,"",13.670873318645894,"WALK",-0.41173627137716956,"",,"0out_0in","escort",3463320,18,55
84471,"escort",2,2,2,4,"non_mandatory",1,32001,55,8,9,1,"",13.664417354549034,"WALK",-0.4898561693619802,"",,"0out_0in","escort",3463321,18,57
84471,"othmaint",2,1,3,4,"non_mandatory",1,32001,74,9,13,4,"",15.428585617042668,"WALK",0.7942149245025005,"",,"0out_0in","othmaint",3463339,18,169
84471,"othmaint",2,2,4,4,"non_mandatory",1,32001,146,15,16,1,"",15.441137481586841,"WALK",0.8031395206685856,"",,"0out_0in","othmaint",3463340,18,1
84472,"othdiscr",1,1,1,1,"non_mandatory",1,32001,45,7,15,8,"",15.880099744942868,"WALK",1.2532121460885475,"",,"0out_0in","othdiscr",3463377,18,39
84473,"othdiscr",1,1,1,1,"non_mandatory",1,32001,76,9,15,6,"",15.906496994931128,"SHARED2FREE",1.5122049098581138,"",,"0out_0in","othdiscr",3463418,18,5
90310,"escort",1,1,1,1,"non_mandatory",1,33924,129,13,18,5,"",14.030629060402479,"TNC_SHARED",-0.7560672017680953,"",,"0out_0in","escort",3702719,57,1
90312,"social",1,1,1,1,"non_mandatory",1,33924,77,9,16,7,"",16.178577718330608,"BIKE",2.8148323316280144,"",,"1out_0in","social",3702828,57,171
90313,"escort",1,1,1,1,"non_mandatory",1,33924,69,8,23,15,"",13.972379863125829,"WALK",0.42049307098029814,"",,"0out_0in","escort",3702842,57,18
99409,"othdiscr",1,1,1,1,"non_mandatory",1,38054,176,19,20,1,"",14.335547399869327,"WALK",1.051159274278903,"",,"0out_0in","othdiscr",4075794,154,62
102171,"shopping",1,1,1,1,"non_mandatory",1,39372,185,21,22,1,"",14.67041932297669,"WALK",2.221571972055484,"",,"1out_0in","shopping",4189044,125,125
102172,"escort",1,1,1,2,"non_mandatory",1,39372,55,8,9,1,"",13.331776452022343,"TNC_SINGLE",0.07168136625725045,"",,"0out_0in","escort",4189061,125,125
102172,"shopping",1,1,2,2,"non_mandatory",1,39372,114,12,14,2,"",14.683473990294159,"WALK",2.11264299856218,"",,"0out_0in","shopping",4189085,125,154
102173,"escort",1,1,1,1,"non_mandatory",1,39372,170,18,19,1,"",13.256131217734929,"SHARED2FREE",0.44080855701916255,"",,"0out_0in","escort",4189102,125,125
104422,"shopping",1,1,1,1,"non_mandatory",1,40156,168,17,23,6,"",13.722716415354503,"WALK",0.80331005009508,"",,"0out_0in","shopping",4281335,125,125
114241,"shopping",1,1,1,1,"non_mandatory",1,43148,146,15,16,1,"",13.316209606337274,"SHARED3FREE",1.0697974642477508,"",,"2out_1in","shopping",4683914,109,109
120051,"othdiscr",1,1,1,1,"non_mandatory",1,45653,61,8,15,7,"",14.344814222833676,"WALK",1.3167075274487523,"",,"1out_0in","othdiscr",4922116,109,109
120052,"othmaint",1,1,1,1,"non_mandatory",1,45653,54,8,8,0,"",13.657834087304007,"WALK",0.5755837928246772,"",,"0out_0in","othmaint",4922160,109,76
120053,"shopping",1,1,1,1,"non_mandatory",1,45653,115,12,15,3,"",13.27191990272581,"WALK",0.9178729878264521,"",,"0out_0in","shopping",4922206,109,109
122809,"escort",2,1,1,4,"non_mandatory",1,46746,40,7,10,3,"",11.571536132519928,"SHARED3FREE",-0.37783273759885694,"",,"0out_0in","escort",5035178,121,121
122809,"escort",2,2,2,4,"non_mandatory",1,46746,171,18,20,2,"",11.508769551163393,"SHARED3FREE",-0.36747403919261407,"",,"0out_0in","escort",5035179,121,121
122809,"shopping",1,1,3,4,"non_mandatory",1,46746,135,14,14,0,"",12.7524108446381,"DRIVEALONEFREE",0.9571003773675743,"",,"0out_0in","shopping",5035202,121,121
122809,"othdiscr",1,1,4,4,"non_mandatory",1,46746,114,12,14,2,"",14.146757679718268,"WALK",1.0517475491853385,"",,"0out_0in","othdiscr",5035194,121,112
130015,"othdiscr",1,1,1,1,"non_mandatory",1,49407,165,17,20,3,"",16.0686589824051,"WALK",2.141598438887879,"",,"0out_0in","othdiscr",5330640,158,16
130016,"shopping",1,1,1,1,"non_mandatory",1,49407,166,17,21,4,"",15.463116420732359,"WALK",2.1384597927391384,"",,"0out_0in","shopping",5330689,158,162
130017,"escort",2,1,1,4,"non_mandatory",1,49407,70,9,9,0,"",13.177174661695718,"WALK",-0.6428966414990892,"",,"0out_0in","escort",5330706,158,24
130017,"escort",2,2,2,4,"non_mandatory",1,49407,135,14,14,0,"",13.192813011799016,"SHARED3FREE",0.41830313535540437,"",,"0out_1in","escort",5330707,158,158
130017,"shopping",1,1,3,4,"non_mandatory",1,49407,136,14,15,1,"",15.482504405553662,"WALK",2.1057050941645574,"",,"0out_0in","shopping",5330730,158,176
130017,"othdiscr",1,1,4,4,"non_mandatory",1,49407,147,15,17,2,"",16.010944051374455,"BIKE",2.0938062241957343,"",,"0out_0in","othdiscr",5330722,158,150
131830,"shopping",1,1,1,1,"non_mandatory",1,50052,126,13,15,2,"",14.850567935833247,"WALK",0.6844086959051539,"",,"0out_0in","shopping",5405063,62,72
137572,"othdiscr",1,1,1,1,"non_mandatory",1,52289,102,11,14,3,"",15.559069903037258,"WALK",1.2568591710363017,"",,"0out_0in","othdiscr",5640477,152,19
141590,"shopping",1,1,1,1,"non_mandatory",1,54153,86,10,11,1,"",14.636610096546104,"WALK",0.7078079054916016,"",,"0out_0in","shopping",5805223,152,89
141591,"othmaint",1,1,1,2,"non_mandatory",1,54153,167,17,22,5,"",14.993906016802713,"WALK",0.7176849362639256,"",,"0out_0in","othmaint",5805259,152,103
141591,"othdiscr",1,1,2,2,"non_mandatory",1,54153,75,9,14,5,"",15.532568517878634,"WALK",1.1465804005469913,"",,"0out_0in","othdiscr",5805256,152,16
141592,"social",1,1,1,1,"non_mandatory",1,54153,176,19,20,1,"",15.059185882157598,"SHARED2FREE",1.866368121024773,"",,"0out_0in","social",5805308,152,152
151260,"shopping",1,1,1,1,"non_mandatory",1,57231,85,10,10,0,"",15.913339723567493,"WALK",2.202812087793955,"",,"0out_0in","shopping",6201693,72,132
151261,"othdiscr",1,1,1,1,"non_mandatory",1,57231,186,21,23,2,"",16.276764689080814,"WALK",2.171631210397382,"",,"0out_0in","othdiscr",6201726,72,70
162845,"escort",1,1,1,2,"non_mandatory",1,62109,64,8,18,10,"",13.393981824313254,"WALK",-0.5697084694036547,"",,"0out_0in","escort",6676654,147,27
162845,"shopping",1,1,2,2,"non_mandatory",1,62109,170,18,19,1,"",14.968277574414866,"WALK",0.8197503177830218,"",,"1out_0in","shopping",6676678,147,94
169591,"shopping",1,1,1,1,"non_mandatory",1,64114,124,13,13,0,"",13.639691981548523,"DRIVEALONEFREE",0.9889963623898519,"",,"0out_2in","shopping",6953264,165,165
169596,"shopping",1,1,1,2,"non_mandatory",1,64114,86,10,11,1,"",13.63637948689615,"WALK",0.6185554775828257,"",,"0out_0in","shopping",6953469,165,128
169596,"othdiscr",1,1,2,2,"non_mandatory",1,64114,113,12,13,1,"",14.778535550673189,"DRIVEALONEFREE",1.2337080946820147,"",,"0out_0in","othdiscr",6953461,165,163
169918,"escort",1,1,1,1,"non_mandatory",1,64207,55,8,9,1,"",12.801825217175463,"WALK",-0.9316165580897273,"",,"0out_0in","escort",6966647,115,53
169919,"social",1,1,1,1,"non_mandatory",1,64207,157,16,19,3,"",15.491128888643214,"WALK",2.7711182445089206,"",,"0out_0in","social",6966715,115,143
171650,"shopping",1,1,1,1,"non_mandatory",1,64668,115,12,15,3,"",13.294848684246832,"WALK",0.6183419608553329,"",,"0out_0in","shopping",7037683,59,99
171651,"escort",1,1,1,1,"non_mandatory",1,64668,138,14,17,3,"",11.630646747497146,"WALK",-0.8371324699479783,"",,"0out_0in","escort",7037700,59,163
171653,"social",1,1,1,1,"non_mandatory",1,64668,75,9,14,5,"",13.95597229830598,"WALK",1.4784564119365646,"",,"0out_1in","social",7037809,59,102
190459,"escort",2,1,1,2,"non_mandatory",1,73174,145,15,15,0,"",12.894221902385553,"SHARED3FREE",0.14062060372839108,"",,"0out_2in","escort",7808828,135,163
190459,"escort",2,2,2,2,"non_mandatory",1,73174,145,15,15,0,"",12.852268458542536,"WALK",-0.5785571814463125,"",,"0out_0in","escort",7808829,135,39
190461,"eatout",1,1,1,1,"non_mandatory",1,73174,171,18,20,2,"",15.712774209236255,"WALK",3.077228873247763,"",,"0out_0in","eatout",7808907,135,57
190462,"escort",2,1,1,2,"non_mandatory",1,73174,22,6,9,3,"",12.881644977439715,"SHARED2FREE",0.014865015248097349,"",,"0out_1in","escort",7808951,135,119
190462,"escort",2,2,2,2,"non_mandatory",1,73174,121,12,21,9,"",12.797951956249083,"WALK",-0.4456545568639456,"",,"0out_0in","escort",7808952,135,28
197347,"escort",1,1,1,3,"non_mandatory",1,75390,99,11,11,0,"",12.726525110279324,"WALK",-0.6480723021918452,"",,"0out_0in","escort",8091236,113,46
197347,"shopping",1,1,2,3,"non_mandatory",1,75390,115,12,15,3,"",14.114243209436967,"WALK",0.8052197613919825,"",,"0out_0in","shopping",8091260,113,54
197347,"social",1,1,3,3,"non_mandatory",1,75390,162,17,17,0,"",14.59823801404644,"WALK",1.5672197961825118,"",,"0out_0in","social",8091263,113,102
197350,"othdiscr",2,1,1,2,"non_mandatory",1,75390,139,14,18,4,"",15.198940813992253,"BIKE",1.287743342974161,"",,"0out_0in","othdiscr",8091375,113,37
197350,"othdiscr",2,2,2,2,"non_mandatory",1,75390,169,18,18,0,"",15.203810333065938,"WALK",1.2629483701860986,"",,"0out_0in","othdiscr",8091376,113,67
197351,"othdiscr",1,1,1,1,"non_mandatory",1,75390,46,7,16,9,"",15.123262722803455,"TNC_SINGLE",1.1817990820100475,"",,"1out_0in","othdiscr",8091416,113,99
199598,"shopping",1,1,1,1,"non_mandatory",1,76239,172,18,21,3,"",14.250145556178229,"WALK",0.6945269876971775,"",,"0out_0in","shopping",8183551,163,39
199599,"escort",1,1,1,2,"non_mandatory",1,76239,37,7,7,0,"",12.709739065105403,"SHARED3FREE",-0.8076514740084672,"",,"0out_0in","escort",8183568,163,24
199599,"othdiscr",1,1,2,2,"non_mandatory",1,76239,86,10,11,1,"",15.166599243983082,"WALK",1.2083536515676339,"",,"0out_0in","othdiscr",8183584,163,28
232356,"shopping",2,1,1,3,"non_mandatory",1,89753,136,14,15,1,"",14.993422054205709,"WALK",1.009577826335426,"",,"2out_0in","shopping",9526629,19,19
232356,"shopping",2,2,2,3,"non_mandatory",1,89753,162,17,17,0,"",14.966169137466352,"WALK",0.7397961560366618,"",,"0out_0in","shopping",9526630,19,93
232356,"othmaint",1,1,3,3,"non_mandatory",1,89753,125,13,14,1,"",15.266851854240988,"DRIVEALONEFREE",0.8246861271910293,"",,"0out_0in","othmaint",9526624,19,139
242186,"escort",1,1,1,1,"non_mandatory",1,93764,121,12,21,9,"",12.757469691101539,"WALK",-0.38097893472674427,"",,"0out_0in","escort",9929635,140,140
242188,"escort",1,1,1,1,"non_mandatory",1,93764,146,15,16,1,"",12.772538662076332,"SHARED2FREE",0.3737570168354451,"",,"0out_1in","escort",9929717,140,140
242190,"escort",1,1,1,3,"non_mandatory",1,93764,58,8,12,4,"",12.721184047222541,"WALK",-0.38931088988224943,"",,"0out_0in","escort",9929799,140,140
242190,"shopping",1,1,2,3,"non_mandatory",1,93764,156,16,18,2,"",14.010809026321663,"WALK",0.9267811664055898,"",,"0out_0in","shopping",9929823,140,140
242190,"othmaint",1,1,3,3,"non_mandatory",1,93764,135,14,14,0,"",14.509524802543632,"WALK",0.6100639684972506,"",,"0out_0in","othmaint",9929818,140,62
259062,"shopping",2,1,1,2,"non_mandatory",1,100331,0,5,5,0,"",14.711907756547992,"SHARED3FREE",0.9794053456715308,"",,"0out_0in","shopping",10621575,89,89
259062,"shopping",2,2,2,2,"non_mandatory",1,100331,37,7,7,0,"",14.710276355686448,"WALK",0.6637503844142847,"",,"0out_0in","shopping",10621576,89,19
259063,"escort",1,1,1,2,"non_mandatory",1,100331,113,12,13,1,"",13.373514876229887,"SHARED3FREE",-0.7141071183769615,"",,"0out_1in","escort",10621592,89,169
259063,"shopping",1,1,2,2,"non_mandatory",1,100331,86,10,11,1,"",14.700108975260651,"WALK",0.6682251675930874,"",,"0out_0in","shopping",10621616,89,71
259065,"shopping",1,1,1,1,"non_mandatory",1,100331,135,14,14,0,"",14.781820123455946,"SHARED2FREE",1.080369851659532,"",,"0out_2in","shopping",10621698,89,89
264194,"shopping",1,1,1,1,"non_mandatory",1,102307,60,8,14,6,"",14.52407767131055,"WALK",0.7611995098720061,"",,"0out_0in","shopping",10831987,112,169
265760,"othdiscr",1,1,1,1,"non_mandatory",1,103277,153,15,23,8,"",15.431420539666261,"WALK",1.132822054803316,"",,"0out_0in","othdiscr",10896185,112,63
265761,"escort",1,1,1,1,"non_mandatory",1,103277,136,14,15,1,"",12.833939280209874,"WALK",-0.4117079746779354,"",,"0out_0in","escort",10896210,112,112
266445,"shopping",1,1,1,1,"non_mandatory",1,103650,124,13,13,0,"",14.182613080748716,"WALK",0.5192040381671251,"",,"0out_0in","shopping",10924278,118,48
276794,"shopping",1,1,1,1,"non_mandatory",1,108050,72,9,11,2,"",15.251255814075432,"WALK",2.112057427201954,"",,"0out_0in","shopping",11348587,157,24
276795,"escort",2,1,1,3,"non_mandatory",1,108050,85,10,10,0,"",12.629901827850068,"WALK",-0.041797439036735745,"",,"0out_0in","escort",11348604,157,157
276795,"escort",2,2,2,3,"non_mandatory",1,108050,112,12,12,0,"",12.71507590183438,"SHARED2FREE",-0.8662750025626439,"",,"0out_0in","escort",11348605,157,175
276795,"shopping",1,1,3,3,"non_mandatory",1,108050,136,14,15,1,"",15.251470637966245,"WALK",2.143690764888172,"",,"0out_0in","shopping",11348628,157,129
276796,"othdiscr",2,1,1,2,"non_mandatory",1,108050,126,13,15,2,"",15.938988135233712,"WALK",2.3481200779887605,"",,"0out_0in","othdiscr",11348661,157,157
276796,"othdiscr",2,2,2,2,"non_mandatory",1,108050,148,15,18,3,"",15.917715201578558,"WALK",2.202554913313611,"",,"0out_0in","othdiscr",11348662,157,35
276797,"othdiscr",1,1,1,1,"non_mandatory",1,108050,172,18,21,3,"",15.92174345323961,"WALK",2.2077249673241512,"",,"0out_0in","othdiscr",11348702,157,35
276798,"othdiscr",1,1,1,1,"non_mandatory",1,108050,169,18,18,0,"",15.891684179472687,"WALK",2.154052489703617,"",,"0out_0in","othdiscr",11348743,157,35
276800,"escort",2,1,1,4,"non_mandatory",1,108050,30,6,17,11,"",12.606681995361242,"WALK",-1.0557488048789982,"",,"0out_0in","escort",11348809,157,176
276800,"escort",2,2,2,4,"non_mandatory",1,108050,162,17,17,0,"",12.704939572474329,"WALK",-0.9025613928402637,"",,"0out_0in","escort",11348810,157,129
276800,"shopping",2,1,3,4,"non_mandatory",1,108050,183,20,23,3,"",15.247854407211387,"WALK",2.1239549891837717,"",,"0out_0in","shopping",11348833,157,68
276800,"shopping",2,2,4,4,"non_mandatory",1,108050,189,23,23,0,"",15.245976726173938,"WALK",2.164811457539416,"",,"0out_0in","shopping",11348834,157,142
287726,"escort",1,1,1,1,"non_mandatory",1,112678,145,15,15,0,"",12.531661272887124,"SHARED2FREE",-0.39309291848337824,"",,"0out_0in","escort",11796775,25,25
292868,"othmaint",1,1,1,1,"non_mandatory",1,114484,42,7,12,5,"",14.228181612210946,"WALK",0.9767046322059941,"",,"0out_2in","othmaint",12007616,146,146
292869,"shopping",1,1,1,2,"non_mandatory",1,114484,87,10,12,2,"",13.733943563295204,"WALK",0.9522543631663122,"",,"0out_0in","shopping",12007662,146,146
292869,"eatout",1,1,2,2,"non_mandatory",1,114484,145,15,15,0,"",14.289457283386433,"WALK",1.3652579839692938,"",,"0out_0in","eatout",12007635,146,19
299100,"escort",2,1,1,2,"non_mandatory",1,116719,85,10,10,0,"",13.017087289018212,"SHARED2FREE",-0.237278930227101,"",,"0out_1in","escort",12263109,146,146
299100,"escort",2,2,2,2,"non_mandatory",1,116719,136,14,15,1,"",12.989878680505102,"WALK",-0.23766560854895372,"",,"0out_0in","escort",12263110,146,146
299101,"othdiscr",1,1,1,1,"non_mandatory",1,116719,37,7,7,0,"",14.970087175943554,"SHARED3FREE",1.5712267003375613,"",,"0out_0in","othdiscr",12263166,146,146
300616,"othmaint",2,1,1,2,"non_mandatory",1,117405,169,18,18,0,"",14.154039072269677,"WALK",0.5825347947186665,"",,"0out_0in","othmaint",12325284,146,109
300616,"othmaint",2,2,2,2,"non_mandatory",1,117405,169,18,18,0,"",14.18501453289579,"WALK",0.562946782153149,"",,"0out_0in","othmaint",12325285,146,149
300617,"escort",1,1,1,3,"non_mandatory",1,117405,100,11,12,1,"",12.922204866017571,"WALK",-0.4450673748632598,"",,"0out_0in","escort",12325306,146,146
300617,"shopping",1,1,2,3,"non_mandatory",1,117405,125,13,14,1,"",13.68448642821687,"WALK",0.5014523149540745,"",,"1out_0in","shopping",12325330,146,35
300617,"eatout",1,1,3,3,"non_mandatory",1,117405,148,15,18,3,"",14.264532490821665,"WALK",1.3302652841400253,"",,"0out_0in","eatout",12325303,146,77
301974,"escort",1,1,1,3,"non_mandatory",1,117901,71,9,10,1,"",13.446468432467123,"WALK",-0.2352243593641944,"",,"0out_0in","escort",12380943,162,162
301974,"othmaint",1,1,2,3,"non_mandatory",1,117901,112,12,12,0,"",15.183482384974548,"WALK",0.8426942338352862,"",,"0out_0in","othmaint",12380962,162,41
301974,"othdiscr",1,1,3,3,"non_mandatory",1,117901,115,12,15,3,"",15.701602591773277,"WALK",1.2665028148570006,"",,"0out_0in","othdiscr",12380959,162,14
301975,"shopping",1,1,1,1,"non_mandatory",1,117901,113,12,13,1,"",14.977170192620951,"WALK",0.9048700378655199,"",,"0out_0in","shopping",12381008,162,16
304214,"othdiscr",1,1,1,2,"non_mandatory",1,118555,62,8,16,8,"",16.13439492214763,"WALK",2.1204985754629466,"",,"0out_0in","othdiscr",12472799,92,16
304214,"eatout",1,1,2,2,"non_mandatory",1,118555,180,20,20,0,"",16.161539229798585,"WALK",3.1182009328483575,"",,"0out_0in","eatout",12472780,92,19
305760,"othdiscr",1,1,1,1,"non_mandatory",1,119141,171,18,20,2,"",15.53831482090409,"WALK",1.143673297509359,"",,"0out_0in","othdiscr",12536185,92,120
319463,"shopping",1,1,1,1,"non_mandatory",1,123486,55,8,9,1,"",14.304586599058606,"WALK",0.6353492708926425,"",,"0out_1in","shopping",13098016,160,1
322828,"othmaint",1,1,1,1,"non_mandatory",1,124464,86,10,11,1,"",15.013757111267052,"WALK",1.2625605810622607,"",,"0out_0in","othmaint",13235976,160,136
325706,"shopping",1,1,1,1,"non_mandatory",1,125467,146,15,16,1,"",15.233996806078435,"WALK",2.094257396743269,"",,"0out_0in","shopping",13353979,160,81
325709,"social",2,1,1,2,"non_mandatory",1,125467,54,8,8,0,"",15.531213757548272,"WALK",2.69686814967041,"",,"0out_0in","social",13354105,160,98
325709,"social",2,2,2,2,"non_mandatory",1,125467,159,16,21,5,"",15.570960470091507,"WALK",2.7738445459544927,"",,"0out_0in","social",13354106,160,147
327604,"escort",1,1,1,2,"non_mandatory",1,126016,146,15,16,1,"",12.954990829660531,"WALK",-0.3827920804075,"",,"0out_0in","escort",13431773,48,48
327604,"shopping",1,1,2,2,"non_mandatory",1,126016,56,8,10,2,"",13.782099231014211,"WALK",0.6523494642793688,"",,"0out_0in","shopping",13431797,48,90
327606,"social",1,1,1,1,"non_mandatory",1,126016,93,10,18,8,"",14.31113297770044,"WALK",1.818517557600965,"",,"0out_2in","social",13431882,48,48
327607,"escort",1,1,1,2,"non_mandatory",1,126016,85,10,10,0,"",12.998982698916182,"WALK",-0.3613881349953447,"",,"0out_0in","escort",13431896,48,48
327607,"othmaint",1,1,2,2,"non_mandatory",1,126016,155,16,17,1,"",14.199102612828007,"DRIVEALONEFREE",0.7708818082324477,"",,"0out_1in","othmaint",13431915,48,78
332562,"escort",1,1,1,1,"non_mandatory",1,127462,71,9,10,1,"",13.063022002138226,"WALK",-0.31642526869267923,"",,"0out_0in","escort",13635051,48,48
332777,"shopping",1,1,1,1,"non_mandatory",1,127524,154,16,16,0,"",13.425594172801787,"WALK",0.5112234147733127,"",,"0out_0in","shopping",13643890,78,89
332778,"eatout",1,1,1,1,"non_mandatory",1,127524,127,13,16,3,"",13.856224259590343,"WALK",1.3366325337591596,"",,"0out_0in","eatout",13643904,78,15
332779,"othdiscr",1,1,1,1,"non_mandatory",1,127524,23,6,10,4,"",14.456338932976635,"WALK",1.075728494574095,"",,"0out_0in","othdiscr",13643964,78,90
337467,"shopping",1,1,1,1,"non_mandatory",1,129265,89,10,14,4,"",13.751560706425026,"WALK",0.891460728039419,"",,"0out_0in","shopping",13836180,48,48
337468,"shopping",1,1,1,2,"non_mandatory",1,129265,117,12,17,5,"",13.737412661027331,"WALK",0.872832948905268,"",,"0out_0in","shopping",13836221,48,48
337468,"eatout",1,1,2,2,"non_mandatory",1,129265,170,18,19,1,"",14.249850676481099,"WALK",1.3558179553724026,"",,"0out_0in","eatout",13836194,48,7
339335,"shopping",1,1,1,1,"non_mandatory",1,130198,88,10,13,3,"",15.921097655518317,"WALK",2.262181329043151,"",,"0out_0in","shopping",13912768,98,129
339336,"othmaint",1,1,1,1,"non_mandatory",1,130198,89,10,14,4,"",15.790027313541335,"BIKE",1.716847954838818,"",,"0out_0in","othmaint",13912804,98,123
342483,"othmaint",1,1,1,1,"non_mandatory",1,132050,154,16,16,0,"",15.1890792580017,"WALK",0.8649375579227817,"",,"0out_0in","othmaint",14041831,85,169
348569,"social",1,1,1,1,"non_mandatory",1,134198,110,11,22,11,"",14.861244966403653,"SHARED3FREE",1.5634207105623077,"",,"0out_0in","social",14291365,129,19
350932,"shopping",1,1,1,1,"non_mandatory",1,134902,145,15,15,0,"",14.152927299129736,"DRIVEALONEFREE",0.7603761713512563,"",,"0out_0in","shopping",14388245,142,118
350933,"shopping",1,1,1,1,"non_mandatory",1,134902,56,8,10,2,"",14.145459935314333,"WALK",0.6813759015773869,"",,"0out_0in","shopping",14388286,142,33
350935,"othdiscr",1,1,1,1,"non_mandatory",1,134902,169,18,18,0,"",15.192974899086481,"WALK",1.0949305625954957,"",,"0out_0in","othdiscr",14388360,142,26
350936,"shopping",1,1,1,1,"non_mandatory",1,134902,135,14,14,0,"",14.156804176215909,"WALK",0.7199831500618034,"",,"0out_0in","shopping",14388409,142,70
369459,"othmaint",1,1,1,2,"non_mandatory",1,143111,124,13,13,0,"",14.446533664237611,"WALK",0.7854501346301261,"",,"0out_0in","othmaint",15147847,23,35
369459,"othdiscr",1,1,2,2,"non_mandatory",1,143111,157,16,19,3,"",15.023009358156678,"WALK",1.0794258948661648,"",,"0out_0in","othdiscr",15147844,23,9
372071,"shopping",1,1,1,2,"non_mandatory",1,144182,141,14,20,6,"",13.860205281218617,"WALK",0.6894983948601957,"",,"0out_0in","shopping",15254944,90,166
372071,"othmaint",1,1,2,2,"non_mandatory",1,144182,59,8,13,5,"",14.33895296255285,"DRIVEALONEFREE",0.9923555873475334,"",,"0out_1in","othmaint",15254939,90,90
380722,"othmaint",1,1,1,1,"non_mandatory",1,147855,64,8,18,10,"",14.974477210801506,"WALK",1.775320162252482,"",,"0out_0in","othmaint",15609630,70,70
380723,"othdiscr",1,1,1,1,"non_mandatory",1,147855,119,12,19,7,"",16.223301948988798,"WALK",3.0582799645480847,"",,"0out_0in","othdiscr",15609668,70,78
380828,"shopping",1,1,1,1,"non_mandatory",1,147897,128,13,17,4,"",13.440546117421336,"DRIVEALONEFREE",0.950023713431508,"",,"0out_0in","shopping",15613981,91,91
382345,"othmaint",1,1,1,4,"non_mandatory",1,148381,125,13,14,1,"",13.949657426276904,"WALK",0.7745539683981045,"",,"0out_0in","othmaint",15676173,91,22
382345,"othdiscr",3,1,2,4,"non_mandatory",1,148381,57,8,11,3,"",14.636468285188997,"WALK",1.078607172578147,"",,"0out_0in","othdiscr",15676170,91,112
382345,"othdiscr",3,2,3,4,"non_mandatory",1,148381,136,14,15,1,"",14.64206807929277,"WALK",1.1067792428715608,"",,"0out_0in","othdiscr",15676171,91,138
382345,"othdiscr",3,3,4,4,"non_mandatory",1,148381,166,17,21,4,"",14.637593784720119,"WALK",1.067903910347612,"",,"0out_0in","othdiscr",15676172,91,78
382347,"shopping",2,1,1,2,"non_mandatory",1,148381,137,14,16,2,"",13.413776770650372,"WALK",0.9651424198068089,"",,"0out_0in","shopping",15676260,91,91
382347,"shopping",2,2,2,2,"non_mandatory",1,148381,171,18,20,2,"",13.399310011637061,"WALK",0.6930421598253241,"",,"0out_0in","shopping",15676261,91,22
389883,"othmaint",1,1,1,1,"non_mandatory",1,151074,154,16,16,0,"",15.079873280990107,"WALK",1.6643302683098458,"",,"0out_0in","othmaint",15985231,70,138
389884,"othdiscr",1,1,1,1,"non_mandatory",1,151074,147,15,17,2,"",16.249382232477544,"WALK",3.1752233491902357,"",,"0out_0in","othdiscr",15985269,70,70
407484,"shopping",1,1,1,1,"non_mandatory",1,157261,181,20,21,1,"",14.299271873019501,"WALK",0.9636913691964827,"",,"0out_0in","shopping",16706877,138,138
417468,"shopping",1,1,1,2,"non_mandatory",1,161729,85,10,10,0,"",14.559311161349408,"WALK",2.0489671812933334,"",,"0out_0in","shopping",17116221,10,175
417468,"othmaint",1,1,2,2,"non_mandatory",1,161729,147,15,17,2,"",14.480511853022549,"WALK",1.1592050885113845,"",,"0out_0in","othmaint",17116216,10,172
436495,"shopping",1,1,1,1,"non_mandatory",1,168915,136,14,15,1,"",15.393529038688888,"TNC_SINGLE",2.590957715817861,"",,"0out_0in","shopping",17896328,176,176
436975,"othdiscr",1,1,1,1,"non_mandatory",1,169166,170,18,19,1,"",15.252627978929514,"WALK",1.3843032971551539,"",,"0out_0in","othdiscr",17916000,176,176
436976,"escort",1,1,1,2,"non_mandatory",1,169166,125,13,14,1,"",12.927687123106946,"WALK",-0.862511984949789,"",,"0out_0in","escort",17916025,176,19
436976,"social",1,1,2,2,"non_mandatory",1,169166,137,14,16,2,"",14.676489181065483,"WALK",1.6523433858319612,"",,"0out_0in","social",17916052,176,26
440094,"othmaint",1,1,1,1,"non_mandatory",1,170490,151,15,21,6,"",14.708861346356295,"WALK",1.2614426292509786,"",,"0out_0in","othmaint",18043882,180,105
457599,"social",1,1,1,1,"non_mandatory",1,176614,27,6,14,8,"",13.475835202452489,"SHARED3FREE",1.6881244958552568,"",,"0out_0in","social",18761595,21,21
457600,"othdiscr",1,1,1,1,"non_mandatory",1,176614,126,13,15,2,"",14.302233270270815,"SHARED2FREE",1.618661681168409,"",,"1out_1in","othdiscr",18761625,21,21
458404,"shopping",1,1,1,3,"non_mandatory",1,176974,124,13,13,0,"",12.88936310817574,"WALK",0.9951056131771543,"",,"0out_0in","shopping",18794597,21,21
458404,"othdiscr",1,1,2,3,"non_mandatory",1,176974,56,8,10,2,"",14.19385189958365,"WALK",1.0477835244775755,"",,"0out_0in","othdiscr",18794589,21,105
458404,"eatout",1,1,3,3,"non_mandatory",1,176974,178,19,22,3,"",13.509185836121988,"WALK",1.3243450872173665,"",,"0out_0in","eatout",18794570,21,180
459375,"escort",3,1,1,3,"non_mandatory",1,177492,112,12,12,0,"",12.884956266123657,"SHARED3FREE",-0.2521159786659784,"",,"0out_0in","escort",18834384,1,1
459375,"escort",3,2,2,3,"non_mandatory",1,177492,145,15,15,0,"",12.950799282742835,"WALK",-0.2521159786659784,"",,"0out_0in","escort",18834385,1,1
459375,"escort",3,3,3,3,"non_mandatory",1,177492,148,15,18,3,"",12.865460992955203,"WALK",-0.8326170446511413,"",,"0out_0in","escort",18834386,1,178
459376,"othdiscr",1,1,1,1,"non_mandatory",1,177492,162,17,17,0,"",15.134493686812593,"WALK",1.114872996163869,"",,"0out_0in","othdiscr",18834441,1,180
468656,"shopping",1,1,1,1,"non_mandatory",1,180763,163,17,18,1,"",13.186631404162368,"WALK",0.6758927198410549,"",,"0out_0in","shopping",19214929,177,39
468657,"escort",1,1,1,1,"non_mandatory",1,180763,169,18,18,0,"",12.216241539374552,"SHARED2FREE",0.4875740858697628,"",,"0out_0in","escort",19214946,177,177
468659,"escort",1,1,1,1,"non_mandatory",1,180763,86,10,11,1,"",12.180510837140751,"WALK",-0.6071644528798535,"",,"0out_0in","escort",19215028,177,75
26415,"eat",1,1,1,1,"atwork",1,8979,124,13,13,0,"",20.673480448998813,"WALK",0.6664235025403293,"",1083054,"0out_0in","atwork",1083019,22,22
51452,"eat",1,1,1,1,"atwork",1,17826,85,10,10,0,"",21.272485227210602,"WALK",0.6313539337104513,"",2109571,"0out_0in","atwork",2109536,45,71
79592,"eat",1,1,1,1,"atwork",1,30170,88,10,13,3,"",21.12682545627146,"WALK",0.6184380713240429,"",3263311,"0out_0in","atwork",3263276,71,64
81697,"business",1,1,1,1,"atwork",1,31107,113,12,13,1,"",12.219203541649344,"WALK",0.9166850295526038,"",3349616,"0out_0in","atwork",3349577,69,69
92600,"eat",1,1,1,1,"atwork",1,35103,155,16,17,1,"",20.671824595044335,"WALK",0.7290709503615046,"",3796639,"0out_0in","atwork",3796604,176,176
101576,"eat",1,1,1,1,"atwork",1,39109,124,13,13,0,"",18.7114832281854,"WALK",0.7174164226406531,"",4164655,"0out_0in","atwork",4164620,11,11
130016,"eat",1,1,1,1,"atwork",1,49407,85,10,10,0,"",13.826433357299072,"WALK",0.8804242119285746,"",5330695,"0out_0in","atwork",5330660,18,28
131829,"eat",1,1,1,1,"atwork",1,50052,99,11,11,0,"",20.53134919011753,"TNC_SINGLE",0.7395500642299454,"",5405028,"0out_0in","atwork",5404993,77,77
131831,"eat",1,1,1,1,"atwork",1,50052,135,14,14,0,"",20.43122672027017,"WALK",0.7395500642299454,"",5405110,"0out_0in","atwork",5405075,48,48
151261,"eat",1,1,1,1,"atwork",1,57231,101,11,13,2,"",13.770514721065378,"WALK",0.9756148475561268,"",6201740,"0out_0in","atwork",6201705,114,53
169594,"eat",1,1,1,1,"atwork",1,64114,101,11,13,2,"",21.12371314191939,"WALK",0.8722349592232043,"",6953393,"0out_1in","atwork",6953358,162,30
169917,"eat",1,1,1,1,"atwork",1,64207,99,11,11,0,"",13.053618004532915,"WALK",0.8633063755924287,"",6966636,"0out_0in","atwork",6966601,90,157
169918,"eat",1,1,1,1,"atwork",1,64207,99,11,11,0,"",13.426660381836518,"WALK",0.8697909896636683,"",6966677,"2out_0in","atwork",6966642,7,61
178462,"eat",1,1,1,1,"atwork",1,66935,99,11,11,0,"",20.809568178948176,"SHARED3FREE",0.6970446376687252,"",7316981,"0out_0in","atwork",7316946,14,14
237763,"eat",1,1,1,1,"atwork",1,92113,102,11,14,3,"",20.48993068206351,"WALK",0.7121000814615509,"",9748322,"0out_0in","atwork",9748287,82,128
254221,"eat",1,1,1,1,"atwork",1,98526,99,11,11,0,"",13.395646956896085,"WALK",0.9408900207866143,"",10423100,"0out_0in","atwork",10423065,14,72
258718,"maint",1,1,1,1,"atwork",1,100239,91,10,16,6,"",13.93251876049801,"WALK",0.9203787819242427,"",10607477,"0out_1in","atwork",10607461,19,98
259062,"eat",1,1,1,1,"atwork",1,100331,88,10,13,3,"",20.636893930229835,"WALK",0.6804130421106203,"",10621581,"0out_0in","atwork",10621546,166,22
287725,"eat",1,1,1,1,"atwork",1,112678,135,14,14,0,"",20.37272460180804,"WALK",0.6969851623487366,"",11796764,"0out_0in","atwork",11796729,10,10
305760,"business",1,1,1,1,"atwork",1,119141,115,12,15,3,"",20.694472730770073,"WALK",0.7752585712775878,"",12536199,"1out_0in","atwork",12536160,176,176
317241,"eat",1,1,1,1,"atwork",1,122807,154,16,16,0,"",20.81870636547002,"WALK",0.9443302100015336,"",13006920,"0out_0in","atwork",13006885,112,112
325706,"eat",1,1,1,1,"atwork",1,125467,101,11,13,2,"",13.57181719981195,"WALK",0.8719106497462897,"",13353985,"0out_0in","atwork",13353950,54,54
325708,"business",1,1,1,1,"atwork",1,125467,113,12,13,1,"",13.785544458955899,"WALK",0.8475481066852,"",13354067,"0out_0in","atwork",13354028,103,43
340616,"eat",1,1,1,1,"atwork",1,130727,55,8,9,1,"",20.959031271948415,"BIKE",15.741556410103493,"",13965295,"0out_0in","atwork",13965260,68,68
341377,"eat",1,1,1,1,"atwork",1,131256,102,11,14,3,"",20.516861718200417,"WALK",0.704288298006704,"",13996496,"1out_0in","atwork",13996461,151,19
362197,"eat",1,1,1,1,"atwork",1,140931,85,10,10,0,"",20.652090414537213,"WALK",0.7195493273043899,"",14850116,"0out_0in","atwork",14850081,176,176
417466,"eat",1,1,1,1,"atwork",1,161729,145,15,15,0,"",12.664604347871215,"WALK",0.8674825918022533,"",17116145,"0out_0in","atwork",17116110,109,109
